{"z":11,"x":786,"y":1144,"features":[{"k":"c","i":"c-11-3147-4579","x":-41.678521,"y":-20.773977,"p":4,"b":[-41.684282,-20.784519,-41.672297,-20.769728]}]}