{"z":13,"x":3175,"y":4569,"features":[{"k":"c","i":"c-13-12701-18277","x":-40.453853,"y":-20.36134,"p":2,"b":[-40.454062,-20.361531,-40.453644,-20.36115],"h":[[17,1],[24,1]]},{"k":"c","i":"c-13-12702-18277","x":-40.447046,"y":-20.359978,"p":2,"b":[-40.447453,-20.360515,-40.446638,-20.359441],"h":[[19,1],[45,1]]},{"k":"c","i":"c-13-12703-18277","x":-40.438046,"y":-20.358392,"p":2,"b":[-40.438494,-20.359267,-40.437598,-20.357517],"h":[[19,1],[29,1]]},{"k":"s","i":"escolas_municipais_es_32037694","x":-40.430756,"y":-20.372255,"n":"EMEF EUZELIA LYRIO","t":16,"d":"viana"}]}