{"z":13,"x":3175,"y":4570,"features":[{"k":"c","i":"c-13-12700-18280","x":-40.470722,"y":-20.390675,"p":2,"b":[-40.471008,-20.390688,-40.470437,-20.390661]},{"k":"c","i":"c-13-12701-18283","x":-40.461576,"y":-20.422079,"p":2,"b":[-40.462003,-20.422106,-40.46115,-20.422053]}]}