{"z":12,"x":1589,"y":2278,"features":[{"k":"c","i":"c-12-6358-9112","x":-40.277588,"y":-19.818914,"p":2,"b":[-40.27767,-19.819032,-40.277506,-19.818796],"h":[[39,1],[40,1]]},{"k":"c","i":"c-12-6359-9112","x":-40.269273,"y":-19.818366,"p":10,"b":[-40.27333,-19.823975,-40.265275,-19.81141],"h":[[0,1],[8,1],[11,1],[12,1],[15,1],[23,1],[24,1],[27,1],[33,1],[34,1]]},{"k":"s","i":"escola-privada-32077076","x":-40.271814,"y":-19.829633,"n":"CENTRO DE FORMACAO PROFISSIONAL E TECNOLOGICA CICLOS LTDA","t":66,"d":"aracruz"}]}