{"z":12,"x":1589,"y":2282,"features":[{"k":"c","i":"c-12-6359-9129","x":-40.256012,"y":-20.172597,"p":2,"b":[-40.256131,-20.172689,-40.255893,-20.172504],"h":[[12,1],[37,1]]},{"k":"c","i":"c-12-6359-9130","x":-40.258756,"y":-20.196631,"p":7,"b":[-40.261921,-20.200001,-40.254088,-20.192316],"h":[[3,1],[11,2],[19,1],[42,1],[58,1],[249,1]]},{"k":"c","i":"c-12-6359-9131","x":-40.259796,"y":-20.20934,"p":3,"b":[-40.263865,-20.211109,-40.254147,-20.207027],"h":[[4,1],[24,1],[57,1]]}]}