{"z":14,"x":6296,"y":9138,"features":[{"k":"c","i":"c-14-25187-36552","x":-41.64119,"y":-20.346012,"p":2,"b":[-41.64123,-20.346028,-41.641151,-20.345996]}]}