{"z":13,"x":3176,"y":4546,"features":[{"k":"c","i":"c-13-12705-18187","x":-40.41343,"y":-19.430212,"p":2,"b":[-40.418477,-19.432723,-40.408382,-19.427701],"h":[[1,1],[6,1]]}]}