{"z":13,"x":3176,"y":4559,"features":[{"k":"c","i":"c-13-12706-18236","x":-40.40385,"y":-19.936021,"p":5,"b":[-40.406174,-19.93903,-40.402554,-19.932874]}]}