{"z":13,"x":3176,"y":4560,"features":[{"k":"c","i":"c-13-12705-18243","x":-40.411345,"y":-20.004521,"p":2,"b":[-40.411442,-20.004688,-40.411247,-20.004353]}]}