{"z":13,"x":3176,"y":4574,"features":[{"k":"c","i":"c-13-12705-18296","x":-40.414365,"y":-20.553334,"p":2,"b":[-40.414857,-20.553473,-40.413873,-20.553195]}]}