{"z":12,"x":1574,"y":2284,"features":[{"k":"c","i":"c-12-6296-9138","x":-41.64119,"y":-20.346012,"p":2,"b":[-41.64123,-20.346028,-41.641151,-20.345996],"h":[[2,1],[47,1]]}]}