{"z":12,"x":1574,"y":2289,"features":[{"k":"c","i":"c-12-6299-9158","x":-41.592101,"y":-20.76475,"p":2,"b":[-41.592197,-20.764757,-41.592005,-20.764743]}]}