{"z":14,"x":6343,"y":9054,"features":[{"k":"c","i":"c-14-25375-36219","x":-40.608317,"y":-18.620537,"p":2,"b":[-40.608323,-18.620579,-40.608311,-18.620496]}]}