{"z":14,"x":6343,"y":9080,"features":[{"k":"c","i":"c-14-25372-36320","x":-40.627297,"y":-19.146824,"p":6,"b":[-40.62736,-19.146894,-40.627251,-19.146753]}]}