{"z":14,"x":6343,"y":9098,"features":[{"k":"c","i":"c-14-25372-36395","x":-40.624864,"y":-19.536837,"p":3,"b":[-40.627125,-19.538845,-40.623648,-19.53537],"h":[[10,1],[12,1],[20,1]]},{"k":"c","i":"c-14-25373-36394","x":-40.620809,"y":-19.532251,"p":3,"b":[-40.621586,-19.533596,-40.619644,-19.53008],"h":[[15,1],[20,2]]},{"k":"s","i":"escolas_municipais_es_32083220","x":-40.624816,"y":-19.519888,"n":"CENTRO DE EDUCACAO INFANTIL MUNICIPAL VILLA TREVISO","t":16,"d":"colatina"}]}