{"z":11,"x":787,"y":1141,"features":[{"k":"c","i":"c-11-3151-4566","x":-41.504232,"y":-20.232298,"p":3,"b":[-41.50881,-20.234363,-41.49608,-20.22887],"h":[[0,1],[4,1],[13,1]]}]}