{"z":11,"x":787,"y":1144,"features":[{"k":"c","i":"c-11-3150-4579","x":-41.532171,"y":-20.76357,"p":5,"b":[-41.536779,-20.7677,-41.52995,-20.758155],"h":[[0,1],[7,1],[14,1],[17,1],[21,1]]}]}