{"z":9,"x":196,"y":285,"features":[{"k":"c","i":"c-9-786-1143","x":-41.674504,"y":-20.578961,"p":2,"b":[-41.684908,-20.61964,-41.664099,-20.538282],"h":[[0,2]]},{"k":"c","i":"c-9-787-1141","x":-41.504232,"y":-20.232298,"p":3,"b":[-41.50881,-20.234363,-41.49608,-20.22887],"h":[[0,1],[4,1],[13,1]]},{"k":"c","i":"c-9-787-1142","x":-41.556689,"y":-20.345811,"p":5,"b":[-41.639095,-20.35045,-41.53416,-20.339794],"h":[[0,2],[7,1],[21,2]]},{"k":"s","i":"escola-privada-32081278","x":-41.67734,"y":-20.432005,"n":"ESCOLA FAMILIA AGRICOLA DE IBITIRAMA - MEPES","t":8,"d":"ibitirama"}]}