{"z":12,"x":1593,"y":2259,"features":[{"k":"c","i":"c-12-6373-9039","x":-39.953289,"y":-18.297499,"p":6,"b":[-39.95986,-18.303647,-39.947045,-18.294732]},{"k":"c","i":"c-12-6374-9039","x":-39.941003,"y":-18.306494,"p":2,"b":[-39.941195,-18.306717,-39.94081,-18.306271]}]}