{"z":12,"x":1593,"y":2261,"features":[{"k":"c","i":"c-12-6374-9045","x":-39.934209,"y":-18.430554,"p":6,"b":[-39.940402,-18.436942,-39.928888,-18.424859],"h":[[2,1],[11,1],[25,1],[26,1],[29,1],[30,1]]}]}