{"z":12,"x":1593,"y":2266,"features":[{"k":"c","i":"c-12-6374-9066","x":-39.932784,"y":-18.854797,"p":2,"b":[-39.932999,-18.854832,-39.932568,-18.854763],"h":[[7,1],[14,1]]}]}