{"z":14,"x":6367,"y":9048,"features":[{"k":"c","i":"c-14-25469-36193","x":-40.090858,"y":-18.489499,"p":2,"b":[-40.09102,-18.489555,-40.090697,-18.489443],"h":[[5,1],[6,1]]}]}