{"z":12,"x":1586,"y":2255,"features":[{"k":"c","i":"c-12-6346-9022","x":-40.549152,"y":-17.939629,"p":2,"b":[-40.550497,-17.939898,-40.547808,-17.939359],"h":[[11,1],[16,1]]}]}