{"z":12,"x":1586,"y":2257,"features":[{"k":"c","i":"c-12-6346-9030","x":-40.540073,"y":-18.119602,"p":3,"b":[-40.540455,-18.123432,-40.539675,-18.116608],"h":[[9,1],[16,1],[19,1]]},{"k":"c","i":"c-12-6347-9029","x":-40.522222,"y":-18.096964,"p":3,"b":[-40.52511,-18.099843,-40.520109,-18.095037],"h":[[0,1],[15,1],[23,1]]},{"k":"s","i":"escolas_municipais_es_32015011","x":-40.538904,"y":-18.126457,"n":"CEMEI ADAO DJALMA COELHO","t":11,"d":"ponto-belo"}]}