{"z":12,"x":1586,"y":2268,"features":[{"k":"c","i":"c-12-6346-9073","x":-40.540623,"y":-19.013469,"p":5,"b":[-40.542661,-19.019539,-40.539589,-19.006757]},{"k":"c","i":"c-12-6346-9074","x":-40.541901,"y":-19.038362,"p":3,"b":[-40.542082,-19.040923,-40.541784,-19.033278]},{"k":"c","i":"c-12-6347-9073","x":-40.534396,"y":-19.019152,"p":2,"b":[-40.535975,-19.020463,-40.532818,-19.017842]},{"k":"c","i":"c-12-6347-9074","x":-40.534755,"y":-19.02565,"p":5,"b":[-40.537142,-19.030767,-40.529705,-19.021355]}]}