{"z":12,"x":1586,"y":2274,"features":[{"k":"c","i":"c-12-6345-9098","x":-40.576742,"y":-19.521227,"p":2,"b":[-40.576742,-19.521227,-40.576742,-19.521227],"h":[[7,1],[8,1]]}]}