{"z":12,"x":1586,"y":2290,"features":[{"k":"c","i":"c-12-6344-9160","x":-40.594694,"y":-20.802916,"p":2,"b":[-40.600536,-20.804401,-40.588852,-20.801431],"h":[[8,1],[25,1]]}]}