{"z":14,"x":6353,"y":9139,"features":[{"k":"c","i":"c-14-25412-36559","x":-40.404993,"y":-20.385387,"p":2,"b":[-40.405046,-20.385395,-40.404939,-20.385378],"h":[[11,1],[12,1]]},{"k":"c","i":"c-14-25414-36557","x":-40.395672,"y":-20.372664,"p":2,"b":[-40.395965,-20.372772,-40.395378,-20.372557],"h":[[11,1],[25,1]]},{"k":"s","i":"escolas_municipais_es_32034873","x":-40.390026,"y":-20.373588,"n":"EMEF RENASCER","t":51,"d":"cariacica"}]}