{"z":14,"x":6308,"y":9159,"features":[{"k":"c","i":"c-14-25232-36638","x":-41.395613,"y":-20.790444,"p":2,"b":[-41.395955,-20.790652,-41.395272,-20.790235],"h":[[19,1],[23,1]]},{"k":"c","i":"c-14-25235-36639","x":-41.375827,"y":-20.796986,"p":2,"b":[-41.376903,-20.797178,-41.374752,-20.796794],"h":[[14,1],[24,1]]}]}