{"z":11,"x":790,"y":1131,"features":[{"k":"c","i":"c-11-3163-4525","x":-40.978719,"y":-18.548261,"p":2,"b":[-40.978866,-18.550915,-40.978572,-18.545606],"h":[[19,1],[20,1]]}]}