{"z":11,"x":790,"y":1134,"features":[{"k":"c","i":"c-11-3162-4537","x":-41.02093,"y":-19.053306,"p":5,"b":[-41.032066,-19.060485,-41.014902,-19.031697],"h":[[2,1],[5,1],[8,1],[13,2]]},{"k":"c","i":"c-11-3163-4538","x":-40.968209,"y":-19.068889,"p":2,"b":[-40.969037,-19.069299,-40.96738,-19.068479],"h":[[1,1],[6,1]]}]}