{"z":11,"x":790,"y":1147,"features":[{"k":"c","i":"c-11-3163-4588","x":-40.987686,"y":-21.144862,"p":3,"b":[-40.995735,-21.148398,-40.983094,-21.138977],"h":[[3,1],[10,1],[16,1]]},{"k":"c","i":"c-11-3163-4589","x":-40.985325,"y":-21.188715,"p":4,"b":[-40.997038,-21.203896,-40.969497,-21.169131],"h":[[7,1],[9,1],[15,1],[59,1]]},{"k":"s","i":"escolas_municipais_es_32060874","x":-41.0604,"y":-21.173488,"n":"EMEIEF PLURIDOCENTE MINEIRINHO","t":14,"d":"presidente-kennedy"}]}