{"z":12,"x":1595,"y":2263,"features":[{"k":"c","i":"c-12-6382-9052","x":-39.753755,"y":-18.569542,"p":2,"b":[-39.755604,-18.570189,-39.751905,-18.568895],"h":[[14,1],[23,1]]},{"k":"c","i":"c-12-6383-9052","x":-39.735161,"y":-18.576627,"p":2,"b":[-39.738634,-18.583102,-39.731687,-18.570153],"h":[[17,1],[22,1]]},{"k":"c","i":"c-12-6383-9053","x":-39.73377,"y":-18.590113,"p":4,"b":[-39.739836,-18.595138,-39.730513,-18.586715],"h":[[7,1],[22,1],[30,1],[37,1]]},{"k":"s","i":"escolas_municipais_es_32016190","x":-39.746627,"y":-18.625924,"n":"EMEF BARREIRAS","t":4,"d":"conceicao-da-barra"}]}