{"z":14,"x":6319,"y":9172,"features":[{"k":"c","i":"c-14-25278-36689","x":-41.14121,"y":-21.052404,"p":2,"b":[-41.142201,-21.052625,-41.140219,-21.052183]}]}