{"z":13,"x":3156,"y":4560,"features":[{"k":"c","i":"c-13-12626-18240","x":-41.28287,"y":-19.979938,"p":2,"b":[-41.282991,-19.98008,-41.28275,-19.979796]}]}