{"z":13,"x":3156,"y":4579,"features":[{"k":"c","i":"c-13-12627-18316","x":-41.272849,"y":-20.764273,"p":2,"b":[-41.273637,-20.764405,-41.272062,-20.76414]}]}