{"z":13,"x":3163,"y":4525,"features":[{"k":"c","i":"c-13-12654-18102","x":-40.978719,"y":-18.548261,"p":2,"b":[-40.978866,-18.550915,-40.978572,-18.545606]}]}