{"z":14,"x":6361,"y":9044,"features":[{"k":"c","i":"c-14-25447-36178","x":-40.211954,"y":-18.410536,"p":2,"b":[-40.211988,-18.410634,-40.211919,-18.410439],"h":[[3,1],[48,1]]}]}