{"z":9,"x":198,"y":286,"features":[{"k":"c","i":"c-9-792-1144","x":-40.749662,"y":-20.635949,"p":5,"b":[-40.751661,-20.638163,-40.746562,-20.635175],"h":[[0,4],[31,1]]},{"k":"c","i":"c-9-792-1145","x":-40.68657,"y":-20.828512,"p":6,"b":[-40.778224,-20.90051,-40.635868,-20.799668],"h":[[0,2],[3,1],[46,1],[47,1],[62,1]]},{"k":"c","i":"c-9-793-1144","x":-40.507735,"y":-20.674145,"p":13,"b":[-40.5389,-20.737991,-40.497457,-20.64557],"h":[[0,4],[2,1],[3,1],[32,1],[34,2],[45,1],[47,1],[49,1],[76,1]]}]}