{"z":9,"x":198,"y":286,"features":[{"k":"c","i":"c-9-792-1144","x":-40.749662,"y":-20.635949,"p":5,"b":[-40.751661,-20.638163,-40.746562,-20.635175]},{"k":"c","i":"c-9-792-1145","x":-40.68657,"y":-20.828512,"p":6,"b":[-40.778224,-20.90051,-40.635868,-20.799668]},{"k":"c","i":"c-9-793-1144","x":-40.507735,"y":-20.674145,"p":13,"b":[-40.5389,-20.737991,-40.497457,-20.64557]}]}