{"z":8,"x":99,"y":140,"features":[{"k":"c","i":"c-8-396-563","x":-40.549152,"y":-17.939629,"p":2,"b":[-40.550497,-17.939898,-40.547808,-17.939359]}]}