{"z":8,"x":99,"y":143,"features":[{"k":"c","i":"c-8-396-572","x":-40.62135,"y":-20.742484,"p":97,"b":[-40.77911,-20.903034,-40.482655,-20.635165]}]}