{"z":8,"x":99,"y":143,"features":[{"k":"c","i":"c-8-396-572","x":-40.62135,"y":-20.742484,"p":97,"b":[-40.77911,-20.903034,-40.482655,-20.635165],"h":[[0,2],[3,2],[4,3],[5,3],[6,5],[7,1],[8,3],[9,2],[10,2],[11,3],[12,4],[13,4],[14,2],[15,1],[16,5],[17,2],[18,2],[19,3],[20,2],[21,4],[22,3],[23,1],[24,2],[25,2],[26,3],[27,3],[28,1],[30,4],[32,1],[33,3],[34,5],[35,3],[36,2],[37,1],[40,1],[41,1],[42,1],[43,2],[47,1],[55,1],[58,1]]}]}