{"z":13,"x":3165,"y":4543,"features":[{"k":"c","i":"c-13-12660-18172","x":-40.909407,"y":-19.274748,"p":2,"b":[-40.909548,-19.275822,-40.909266,-19.273674]}]}