{"z":13,"x":3165,"y":4546,"features":[{"k":"c","i":"c-13-12660-18184","x":-40.904819,"y":-19.398319,"p":2,"b":[-40.905045,-19.398459,-40.904594,-19.398179],"h":[[4,1],[13,1]]}]}