{"z":13,"x":3165,"y":4558,"features":[{"k":"c","i":"c-13-12661-18233","x":-40.897322,"y":-19.904365,"p":2,"b":[-40.897476,-19.904651,-40.897167,-19.904078]}]}