{"z":14,"x":6333,"y":9042,"features":[{"k":"c","i":"c-14-25334-36171","x":-40.833199,"y":-18.37232,"p":3,"b":[-40.834609,-18.373546,-40.832139,-18.370926]},{"k":"c","i":"c-14-25335-36170","x":-40.830042,"y":-18.369282,"p":2,"b":[-40.830312,-18.369563,-40.829772,-18.369001]}]}