{"z":12,"x":1590,"y":2261,"features":[{"k":"c","i":"c-12-6361-9044","x":-40.211954,"y":-18.410536,"p":2,"b":[-40.211988,-18.410634,-40.211919,-18.410439]}]}