{"z":12,"x":1590,"y":2283,"features":[{"k":"c","i":"c-12-6361-9132","x":-40.220545,"y":-20.226711,"p":2,"b":[-40.224701,-20.231355,-40.216389,-20.222067],"h":[[16,1],[51,1]]}]}