{"z":13,"x":3150,"y":4569,"features":[{"k":"c","i":"c-13-12603-18276","x":-41.532414,"y":-20.349478,"p":5,"b":[-41.533401,-20.350492,-41.530769,-20.34845],"h":[[6,1],[10,1],[15,1],[18,1],[25,1]]},{"k":"c","i":"c-13-12603-18279","x":-41.538081,"y":-20.384119,"p":2,"b":[-41.538604,-20.384827,-41.537557,-20.38341],"h":[[6,1],[9,1]]},{"k":"s","i":"escolas_municipais_es_32048882","x":-41.531896,"y":-20.355191,"n":"EMEF DEOLINDA AMORIM DE OLIVEIRA","t":18,"d":"iuna"}]}