{"z":13,"x":3150,"y":4579,"features":[{"k":"c","i":"c-13-12603-18316","x":-41.535373,"y":-20.759719,"p":5,"b":[-41.539209,-20.763243,-41.532017,-20.757555],"h":[[7,1],[8,1],[14,1],[17,1],[24,1]]},{"k":"c","i":"c-13-12603-18317","x":-41.534546,"y":-20.771993,"p":2,"b":[-41.53472,-20.772027,-41.534372,-20.77196],"h":[[12,1],[19,1]]},{"k":"s","i":"escolas_municipais_es_32075537","x":-41.544142,"y":-20.767635,"n":"CEMEI MARIA GERALDA GUERRA JACCOUD","t":13,"d":"alegre"}]}