{"z":14,"x":6319,"y":9137,"features":[{"k":"c","i":"c-14-25279-36548","x":-41.133326,"y":-20.32841,"p":2,"b":[-41.133377,-20.32852,-41.133274,-20.3283]}]}