{"z":14,"x":6334,"y":9170,"features":[{"k":"c","i":"c-14-25338-36683","x":-40.813682,"y":-21.019957,"p":2,"b":[-40.813682,-21.019957,-40.813682,-21.019957],"h":[[2,1],[55,1]]}]}