{"z":11,"x":791,"y":1130,"features":[{"k":"c","i":"c-11-3166-4521","x":-40.832729,"y":-18.373419,"p":2,"b":[-40.836429,-18.374921,-40.829029,-18.371918],"h":[[0,1],[16,1]]}]}