{"z":11,"x":791,"y":1145,"features":[{"k":"c","i":"c-11-3164-4581","x":-40.936597,"y":-20.867961,"p":3,"b":[-40.944102,-20.869516,-40.931037,-20.864853],"h":[[0,1],[9,1],[12,1]]}]}