{"z":14,"x":6313,"y":9120,"features":[{"k":"c","i":"c-14-25252-36481","x":-41.28287,"y":-19.979938,"p":2,"b":[-41.282991,-19.98008,-41.28275,-19.979796],"h":[[8,1],[12,1]]}]}