{"z":14,"x":6313,"y":9158,"features":[{"k":"c","i":"c-14-25254-36633","x":-41.272849,"y":-20.764273,"p":2,"b":[-41.273637,-20.764405,-41.272062,-20.76414],"h":[[8,1],[13,1]]}]}