{"z":14,"x":6356,"y":9136,"features":[{"k":"c","i":"c-14-25424-36547","x":-40.340223,"y":-20.319357,"p":2,"b":[-40.34061,-20.319426,-40.339836,-20.319288],"h":[[9,1],[26,1]]},{"k":"c","i":"c-14-25425-36547","x":-40.332678,"y":-20.320413,"p":2,"b":[-40.334463,-20.320682,-40.330893,-20.320143],"h":[[2,2]]},{"k":"c","i":"c-14-25427-36546","x":-40.32267,"y":-20.316864,"p":2,"b":[-40.323093,-20.317226,-40.322247,-20.316502],"h":[[37,1],[103,1]]},{"k":"s","i":"ies-privada-25640","x":-40.320628,"y":-20.308659,"n":"Faculdade de Ciências Educacionais e Tecnologias Integradas","t":5,"d":"vitoria"}]}