{"z":13,"x":3171,"y":4539,"features":[{"k":"c","i":"c-13-12686-18159","x":-40.622429,"y":-19.144624,"p":2,"b":[-40.623099,-19.144687,-40.62176,-19.144561],"h":[[1,1],[3,1]]}]}