{"z":13,"x":3171,"y":4540,"features":[{"k":"c","i":"c-13-12686-18160","x":-40.627297,"y":-19.146824,"p":6,"b":[-40.62736,-19.146894,-40.627251,-19.146753],"h":[[1,1],[3,1],[9,1],[13,2],[29,1]]}]}