{"z":13,"x":3171,"y":4548,"features":[{"k":"c","i":"c-13-12684-18195","x":-40.642267,"y":-19.514829,"p":2,"b":[-40.645001,-19.514863,-40.639533,-19.514796]},{"k":"c","i":"c-13-12686-18195","x":-40.620496,"y":-19.514307,"p":3,"b":[-40.621838,-19.518114,-40.61895,-19.511799]}]}