{"z":13,"x":3171,"y":4569,"features":[{"k":"c","i":"c-13-12686-18279","x":-40.62303,"y":-20.382022,"p":2,"b":[-40.624206,-20.382267,-40.621854,-20.381777],"h":[[4,1],[22,1]]}]}