{"z":14,"x":6321,"y":9163,"features":[{"k":"c","i":"c-14-25285-36654","x":-41.100466,"y":-20.873698,"p":2,"b":[-41.100466,-20.873698,-41.100466,-20.873698],"h":[[94,1],[95,1]]}]}