{"z":13,"x":3147,"y":4568,"features":[{"k":"c","i":"c-13-12589-18273","x":-41.691091,"y":-20.314238,"p":2,"b":[-41.691098,-20.314303,-41.691083,-20.314172],"h":[[15,1],[26,1]]}]}