{"z":13,"x":3147,"y":4571,"features":[{"k":"c","i":"c-13-12590-18284","x":-41.676765,"y":-20.431593,"p":2,"b":[-41.677142,-20.43165,-41.676387,-20.431537],"h":[[3,1],[21,1]]}]}