{"z":13,"x":3147,"y":4573,"features":[{"k":"c","i":"c-13-12591-18294","x":-41.66533,"y":-20.538081,"p":3,"b":[-41.665968,-20.539173,-41.664943,-20.53688],"h":[[15,1],[22,1],[32,1]]}]}