{"z":13,"x":3147,"y":4583,"features":[{"k":"c","i":"c-13-12589-18334","x":-41.688804,"y":-20.944735,"p":2,"b":[-41.689962,-20.945615,-41.687646,-20.943855]}]}