{"z":14,"x":6354,"y":9112,"features":[{"k":"c","i":"c-14-25418-36450","x":-40.37127,"y":-19.821027,"p":2,"b":[-40.372025,-19.821556,-40.370516,-19.820499],"h":[[7,1],[12,1]]}]}