{"z":14,"x":6354,"y":9146,"features":[{"k":"c","i":"c-14-25418-36584","x":-40.374435,"y":-20.510624,"p":2,"b":[-40.37459,-20.510843,-40.37428,-20.510405],"h":[[33,1],[70,1]]}]}