{"z":14,"x":6359,"y":9072,"features":[{"k":"c","i":"c-14-25436-36290","x":-40.273196,"y":-18.993435,"p":2,"b":[-40.273216,-18.993491,-40.273176,-18.993378]}]}