{"z":14,"x":6359,"y":9132,"features":[{"k":"c","i":"c-14-25437-36528","x":-40.265848,"y":-20.22377,"p":2,"b":[-40.266253,-20.224969,-40.265444,-20.222571],"h":[[7,1],[19,1]]},{"k":"c","i":"c-14-25437-36531","x":-40.268836,"y":-20.241119,"p":2,"b":[-40.269638,-20.241353,-40.268034,-20.240885],"h":[[30,1],[48,1]]},{"k":"s","i":"escolas_municipais_es_32036272","x":-40.269498,"y":-20.23258,"n":"EMEF AUGUSTO RUSCHI","t":20,"d":"serra"}]}