{"z":12,"x":1590,"y":2261,"features":[{"k":"c","i":"c-12-6361-9044","x":-40.218494,"y":-18.411581,"p":13,"b":[-40.227844,-18.4161,-40.21315,-18.402752],"h":[[0,1],[4,1],[9,1],[10,1],[14,1],[15,2],[17,3],[20,2],[35,1]]},{"k":"c","i":"c-12-6361-9045","x":-40.216451,"y":-18.417325,"p":2,"b":[-40.219803,-18.41742,-40.2131,-18.417231],"h":[[13,1],[18,1]]},{"k":"s","i":"escolas_municipais_es_32015585","x":-40.207106,"y":-18.41503,"n":"EMEIEF AUGUSTO RUSCHI","t":24,"d":"pinheiros"}]}