{"z":12,"x":1590,"y":2280,"features":[{"k":"c","i":"c-12-6362-9123","x":-40.197345,"y":-20.045527,"p":4,"b":[-40.200831,-20.055706,-40.189995,-20.03799],"h":[[18,1],[21,1],[32,1],[52,1]]},{"k":"c","i":"c-12-6363-9123","x":-40.182575,"y":-20.037985,"p":2,"b":[-40.18283,-20.038175,-40.18232,-20.037795],"h":[[16,1],[22,1]]},{"k":"s","i":"escolas_municipais_es_32078811","x":-40.188254,"y":-20.029592,"n":"CMEI BAIRRO DIRECAO","t":13,"d":"fundao"}]}