{"z":13,"x":3168,"y":4540,"features":[{"k":"c","i":"c-13-12672-18161","x":-40.772582,"y":-19.163104,"p":2,"b":[-40.773128,-19.165597,-40.772036,-19.160611],"h":[[10,1],[23,1]]}]}