{"z":13,"x":3168,"y":4558,"features":[{"k":"c","i":"c-13-12673-18232","x":-40.76259,"y":-19.895833,"p":2,"b":[-40.762962,-19.896044,-40.762217,-19.895622],"h":[[9,1],[20,1]]}]}