{"z":13,"x":3168,"y":4560,"features":[{"k":"c","i":"c-13-12675-18242","x":-40.739768,"y":-20.001273,"p":2,"b":[-40.741842,-20.003344,-40.737694,-19.999203],"h":[[12,1],[16,1]]}]}