{"z":13,"x":3168,"y":4572,"features":[{"k":"c","i":"c-13-12672-18290","x":-40.771615,"y":-20.493438,"p":2,"b":[-40.771889,-20.494137,-40.771341,-20.49274],"h":[[4,1],[10,1]]}]}