{"z":13,"x":3168,"y":4582,"features":[{"k":"c","i":"c-13-12672-18328","x":-40.77383,"y":-20.887686,"p":2,"b":[-40.773914,-20.88796,-40.773746,-20.887411],"h":[[17,1],[40,1]]},{"k":"c","i":"c-13-12672-18329","x":-40.778013,"y":-20.896109,"p":3,"b":[-40.779034,-20.898755,-40.776043,-20.891552],"h":[[12,1],[20,1],[30,1]]},{"k":"s","i":"escolas_municipais_es_32060475","x":-40.77911,"y":-20.903034,"n":"EMEIEF-DINORAH-RODRIGUES-PECANHA","t":6,"d":"itapemirim"}]}