{"z":11,"x":792,"y":1142,"features":[{"k":"c","i":"c-11-3170-4570","x":-40.674304,"y":-20.413702,"p":2,"b":[-40.679425,-20.420075,-40.669184,-20.407329],"h":[[1,1],[19,1]]}]}