{"z":11,"x":792,"y":1145,"features":[{"k":"c","i":"c-11-3169-4581","x":-40.729355,"y":-20.839978,"p":2,"b":[-40.735737,-20.841062,-40.722972,-20.838893],"h":[[0,1],[17,1]]},{"k":"c","i":"c-11-3170-4580","x":-40.669689,"y":-20.812956,"p":2,"b":[-40.68464,-20.821333,-40.654737,-20.804578],"h":[[4,2]]},{"k":"c","i":"c-11-3171-4580","x":-40.642285,"y":-20.804224,"p":3,"b":[-40.64421,-20.805884,-40.641316,-20.800969],"h":[[0,1],[7,1],[25,1]]}]}