{"z":14,"x":6348,"y":9037,"features":[{"k":"c","i":"c-14-25392-36148","x":-40.513123,"y":-18.254476,"p":2,"b":[-40.513333,-18.255273,-40.512913,-18.25368]}]}