{"z":14,"x":6336,"y":9122,"features":[{"k":"c","i":"c-14-25347-36488","x":-40.760223,"y":-20.018956,"p":2,"b":[-40.760697,-20.018993,-40.759749,-20.018919],"h":[[19,1],[32,1]]}]}