{"z":14,"x":6336,"y":9164,"features":[{"k":"c","i":"c-14-25344-36659","x":-40.778999,"y":-20.898388,"p":2,"b":[-40.779034,-20.898755,-40.778963,-20.898021],"h":[[12,1],[20,1]]},{"k":"c","i":"c-14-25345-36657","x":-40.77383,"y":-20.887686,"p":2,"b":[-40.773914,-20.88796,-40.773746,-20.887411],"h":[[17,1],[40,1]]},{"k":"s","i":"escolas_municipais_es_32083327","x":-40.776043,"y":-20.891552,"n":"CMEFTI-WALDEIA-FERREIRA-PECANHA","t":30,"d":"itapemirim"}]}