{"z":13,"x":3186,"y":4534,"features":[{"k":"c","i":"c-13-12745-18139","x":-39.973777,"y":-18.935306,"p":2,"b":[-39.974733,-18.936864,-39.97282,-18.933749],"h":[[7,1],[27,1]]},{"k":"c","i":"c-13-12746-18136","x":-39.958968,"y":-18.904718,"p":2,"b":[-39.960641,-18.90524,-39.957295,-18.904197],"h":[[6,1],[23,1]]}]}