{"z":14,"x":6302,"y":9132,"features":[{"k":"c","i":"c-14-25211-36530","x":-41.508224,"y":-20.234791,"p":2,"b":[-41.508262,-20.234888,-41.508186,-20.234693]}]}