{"z":14,"x":6341,"y":9139,"features":[{"k":"c","i":"c-14-25365-36556","x":-40.662865,"y":-20.367978,"p":2,"b":[-40.662881,-20.368212,-40.66285,-20.367745],"h":[[7,1],[36,1]]}]}