{"z":13,"x":3167,"y":4585,"features":[{"k":"c","i":"c-13-12669-18341","x":-40.813682,"y":-21.019957,"p":2,"b":[-40.813682,-21.019957,-40.813682,-21.019957]}]}