{"z":14,"x":6333,"y":9042,"features":[{"k":"c","i":"c-14-25333-36170","x":-40.836375,"y":-18.367885,"p":2,"b":[-40.836555,-18.368002,-40.836196,-18.367768],"h":[[4,1],[14,1]]},{"k":"c","i":"c-14-25334-36171","x":-40.831831,"y":-18.373037,"p":2,"b":[-40.832853,-18.375161,-40.830809,-18.370913],"h":[[2,1],[21,1]]},{"k":"c","i":"c-14-25335-36171","x":-40.828308,"y":-18.372987,"p":2,"b":[-40.829359,-18.373246,-40.827257,-18.372729],"h":[[15,1],[19,1]]},{"k":"s","i":"escolas_municipais_es_32002980","x":-40.835781,"y":-18.368234,"n":"EMEFTI PROF BENEDITA MONTEIRO","t":15,"d":"ecoporanga"}]}