{"z":14,"x":6333,"y":9106,"features":[{"k":"c","i":"c-14-25334-36426","x":-40.834292,"y":-19.695389,"p":2,"b":[-40.834359,-19.695495,-40.834225,-19.695284]}]}