{"z":14,"x":6333,"y":9152,"features":[{"k":"c","i":"c-14-25335-36610","x":-40.828323,"y":-20.645198,"p":2,"b":[-40.828332,-20.645202,-40.828314,-20.645195]}]}