{"z":14,"x":6333,"y":9158,"features":[{"k":"c","i":"c-14-25334-36633","x":-40.833042,"y":-20.76416,"p":2,"b":[-40.833163,-20.764335,-40.832921,-20.763985],"h":[[10,1],[17,1]]}]}