{"z":14,"x":6333,"y":9174,"features":[{"k":"c","i":"c-14-25332-36696","x":-40.843581,"y":-21.089313,"p":2,"b":[-40.843894,-21.089357,-40.843268,-21.089268],"h":[[14,1],[29,1]]}]}