{"z":13,"x":3167,"y":4574,"features":[{"k":"c","i":"c-13-12668-18296","x":-40.814993,"y":-20.554004,"p":2,"b":[-40.815083,-20.554077,-40.814903,-20.553932],"h":[[5,1],[13,1]]}]}