{"z":13,"x":3167,"y":4583,"features":[{"k":"c","i":"c-13-12668-18332","x":-40.817385,"y":-20.921449,"p":2,"b":[-40.817629,-20.921677,-40.81714,-20.921221]}]}