{"z":13,"x":3167,"y":4584,"features":[{"k":"c","i":"c-13-12669-18339","x":-40.808757,"y":-20.999822,"p":2,"b":[-40.809035,-21.000235,-40.808478,-20.999408]}]}