{"z":13,"x":3167,"y":4585,"features":[{"k":"c","i":"c-13-12668-18341","x":-40.81648,"y":-21.016583,"p":4,"b":[-40.81904,-21.019815,-40.814638,-21.013367]},{"k":"c","i":"c-13-12668-18342","x":-40.819461,"y":-21.030918,"p":2,"b":[-40.822537,-21.031457,-40.816385,-21.030379]},{"k":"c","i":"c-13-12668-18343","x":-40.822962,"y":-21.040013,"p":3,"b":[-40.823532,-21.041362,-40.822322,-21.038798]},{"k":"c","i":"c-13-12669-18340","x":-40.811035,"y":-21.010395,"p":2,"b":[-40.811067,-21.011228,-40.811003,-21.009561]}]}