{"z":14,"x":6350,"y":9151,"features":[{"k":"c","i":"c-14-25401-36605","x":-40.467325,"y":-20.621531,"p":2,"b":[-40.467401,-20.621568,-40.467248,-20.621495],"h":[[9,1],[43,1]]}]}