{"z":12,"x":1592,"y":2264,"features":[{"k":"c","i":"c-12-6369-9058","x":-40.05605,"y":-18.707403,"p":4,"b":[-40.05605,-18.707403,-40.05605,-18.707403]}]}