{"z":12,"x":1592,"y":2267,"features":[{"k":"c","i":"c-12-6368-9068","x":-40.074715,"y":-18.908356,"p":3,"b":[-40.077328,-18.911903,-40.07332,-18.906499]}]}