{"z":12,"x":1592,"y":2273,"features":[{"k":"c","i":"c-12-6368-9092","x":-40.064714,"y":-19.399548,"p":8,"b":[-40.066854,-19.403668,-40.060221,-19.396199],"h":[[0,3],[3,1],[30,1],[47,1],[67,1],[89,1]]},{"k":"c","i":"c-12-6369-9092","x":-40.045662,"y":-19.401949,"p":3,"b":[-40.049179,-19.40621,-40.039648,-19.395175],"h":[[19,1],[52,1],[54,1]]}]}