{"z":9,"x":199,"y":283,"features":[{"k":"c","i":"c-9-797-1132","x":-39.860998,"y":-18.676633,"p":2,"b":[-39.861126,-18.677998,-39.860869,-18.675268],"h":[[102,1],[204,1]]}]}