{"z":10,"x":395,"y":572,"features":[{"k":"c","i":"c-10-1580-2290","x":-41.116271,"y":-20.857108,"p":19,"b":[-41.129584,-20.878484,-41.09983,-20.844312],"h":[[0,1],[6,1],[10,1],[12,2],[14,2],[17,1],[21,1],[27,1],[29,1],[30,1],[31,1],[33,1],[41,1],[53,1],[68,1],[94,1],[95,1]]},{"k":"c","i":"c-10-1581-2288","x":-41.018963,"y":-20.663356,"p":2,"b":[-41.025782,-20.672709,-41.012143,-20.654003],"h":[[0,1],[19,1]]},{"k":"c","i":"c-10-1582-2290","x":-40.936597,"y":-20.867961,"p":3,"b":[-40.944102,-20.869516,-40.931037,-20.864853],"h":[[0,1],[9,1],[12,1]]}]}