{"z":10,"x":395,"y":573,"features":[{"k":"c","i":"c-10-1583-2292","x":-40.821871,"y":-21.027972,"p":4,"b":[-40.841917,-21.042462,-40.80903,-21.00841],"h":[[0,1],[9,1],[16,1],[26,1]]}]}