{"z":13,"x":3182,"y":4529,"features":[{"k":"c","i":"c-13-12728-18118","x":-40.161648,"y":-18.718681,"p":3,"b":[-40.161648,-18.718681,-40.161648,-18.718681]}]}