{"z":13,"x":3182,"y":4538,"features":[{"k":"c","i":"c-13-12730-18154","x":-40.140043,"y":-19.088453,"p":3,"b":[-40.14239,-19.089034,-40.138808,-19.087683],"h":[[0,1],[3,1],[31,1]]}]}