{"z":10,"x":399,"y":565,"features":[{"k":"c","i":"c-10-1596-2261","x":-39.709678,"y":-18.420233,"p":2,"b":[-39.709882,-18.420274,-39.709475,-18.420191],"h":[[0,1],[11,1]]}]}