{"z":12,"x":1587,"y":2259,"features":[{"k":"c","i":"c-12-6348-9037","x":-40.513123,"y":-18.254476,"p":2,"b":[-40.513333,-18.255273,-40.512913,-18.25368],"h":[[7,1],[14,1]]}]}