{"z":12,"x":1587,"y":2285,"features":[{"k":"c","i":"c-12-6348-9140","x":-40.49743,"y":-20.392499,"p":2,"b":[-40.499192,-20.395253,-40.495668,-20.389744],"h":[[20,1],[41,1]]},{"k":"c","i":"c-12-6350-9140","x":-40.470722,"y":-20.390675,"p":2,"b":[-40.471008,-20.390688,-40.470437,-20.390661],"h":[[14,1],[25,1]]},{"k":"c","i":"c-12-6350-9141","x":-40.461576,"y":-20.422079,"p":2,"b":[-40.462003,-20.422106,-40.46115,-20.422053],"h":[[11,1],[30,1]]},{"k":"s","i":"escolas_municipais_es_32037643","x":-40.487954,"y":-20.461851,"n":"EMEF ARACATIBA","t":15,"d":"viana"}]}