{"z":12,"x":1587,"y":2288,"features":[{"k":"c","i":"c-12-6348-9152","x":-40.508057,"y":-20.64679,"p":7,"b":[-40.516705,-20.651906,-40.500257,-20.642173],"h":[[19,1],[20,1],[22,1],[27,2],[35,1],[43,1]]},{"k":"c","i":"c-12-6348-9153","x":-40.507198,"y":-20.664867,"p":12,"b":[-40.516325,-20.672887,-40.498671,-20.657122],"h":[[0,2],[13,1],[22,1],[24,2],[26,1],[27,1],[30,1],[32,1],[36,1],[41,1]]},{"k":"c","i":"c-12-6348-9154","x":-40.51032,"y":-20.678925,"p":3,"b":[-40.513352,-20.681957,-40.508417,-20.675549],"h":[[12,1],[26,1],[55,1]]},{"k":"c","i":"c-12-6349-9152","x":-40.48471,"y":-20.642928,"p":5,"b":[-40.486259,-20.648428,-40.482655,-20.639936],"h":[[21,1],[26,1],[33,1],[34,1],[47,1]]}]}