{"z":12,"x":1587,"y":2288,"features":[{"k":"c","i":"c-12-6348-9152","x":-40.508057,"y":-20.64679,"p":7,"b":[-40.516705,-20.651906,-40.500257,-20.642173]},{"k":"c","i":"c-12-6348-9153","x":-40.507198,"y":-20.664867,"p":12,"b":[-40.516325,-20.672887,-40.498671,-20.657122]},{"k":"c","i":"c-12-6348-9154","x":-40.51032,"y":-20.678925,"p":3,"b":[-40.513352,-20.681957,-40.508417,-20.675549]},{"k":"c","i":"c-12-6349-9152","x":-40.48471,"y":-20.642928,"p":5,"b":[-40.486259,-20.648428,-40.482655,-20.639936]}]}