{"z":13,"x":3177,"y":4556,"features":[{"k":"c","i":"c-13-12709-18226","x":-40.36641,"y":-19.830771,"p":3,"b":[-40.366784,-19.831143,-40.366092,-19.830106],"h":[[1,1],[37,1],[50,1]]}]}