{"z":13,"x":3184,"y":4529,"features":[{"k":"c","i":"c-13-12738-18117","x":-40.05605,"y":-18.707403,"p":4,"b":[-40.05605,-18.707403,-40.05605,-18.707403],"h":[[0,4]]}]}