{"z":13,"x":3184,"y":4534,"features":[{"k":"c","i":"c-13-12736-18137","x":-40.074715,"y":-18.908356,"p":3,"b":[-40.077328,-18.911903,-40.07332,-18.906499]}]}