{"z":14,"x":6360,"y":9129,"features":[{"k":"c","i":"c-14-25440-36518","x":-40.251278,"y":-20.171894,"p":3,"b":[-40.253031,-20.174086,-40.249279,-20.1703],"h":[[18,1],[30,1],[50,1]]},{"k":"c","i":"c-14-25442-36517","x":-40.239821,"y":-20.164518,"p":2,"b":[-40.239837,-20.164524,-40.239805,-20.164513],"h":[[16,1],[31,1]]},{"k":"s","i":"escola-privada-32035926","x":-40.246068,"y":-20.172245,"n":"CE HENRIQUE VALENTIM","t":19,"d":"serra"}]}