{"z":14,"x":6294,"y":9136,"features":[{"k":"c","i":"c-14-25178-36546","x":-41.691091,"y":-20.314238,"p":2,"b":[-41.691098,-20.314303,-41.691083,-20.314172]}]}