{"z":14,"x":6294,"y":9167,"features":[{"k":"c","i":"c-14-25178-36668","x":-41.688804,"y":-20.944735,"p":2,"b":[-41.689962,-20.945615,-41.687646,-20.943855]}]}