{"z":12,"x":1585,"y":2270,"features":[{"k":"c","i":"c-12-6343-9080","x":-40.627297,"y":-19.146824,"p":6,"b":[-40.62736,-19.146894,-40.627251,-19.146753]}]}