{"z":12,"x":1585,"y":2278,"features":[{"k":"c","i":"c-12-6341-9112","x":-40.653479,"y":-19.824482,"p":2,"b":[-40.65439,-19.82555,-40.652568,-19.823414]}]}