{"z":12,"x":1585,"y":2290,"features":[{"k":"c","i":"c-12-6341-9160","x":-40.655771,"y":-20.805572,"p":3,"b":[-40.661696,-20.807296,-40.651957,-20.804679],"h":[[22,1],[33,1],[37,1]]},{"k":"c","i":"c-12-6342-9160","x":-40.638637,"y":-20.807303,"p":4,"b":[-40.641981,-20.81346,-40.634023,-20.800075],"h":[[16,1],[34,1],[35,1],[58,1]]},{"k":"c","i":"c-12-6343-9161","x":-40.622882,"y":-20.824564,"p":2,"b":[-40.623869,-20.830784,-40.621894,-20.818344],"h":[[12,1],[18,1]]},{"k":"s","i":"escolas_municipais_es_32042841","x":-40.692702,"y":-20.829419,"n":"CMEI BELMIRO ALBERTO ALPOIM","t":21,"d":"anchieta"}]}