{"z":13,"x":3177,"y":4515,"features":[{"k":"c","i":"c-13-12710-18062","x":-40.362136,"y":-18.127086,"p":2,"b":[-40.36235,-18.12842,-40.361923,-18.125751],"h":[[0,1],[16,1]]}]}