{"z":14,"x":6297,"y":9167,"features":[{"k":"c","i":"c-14-25190-36669","x":-41.621815,"y":-20.946769,"p":2,"b":[-41.621847,-20.94678,-41.621782,-20.946759]}]}