{"z":14,"x":6374,"y":9039,"features":[{"k":"c","i":"c-14-25496-36158","x":-39.941003,"y":-18.306494,"p":2,"b":[-39.941195,-18.306717,-39.94081,-18.306271],"h":[[16,1],[18,1]]}]}