{"z":14,"x":6374,"y":9048,"features":[{"k":"c","i":"c-14-25499-36192","x":-39.926534,"y":-18.480603,"p":2,"b":[-39.927511,-18.480723,-39.925556,-18.480483]}]}