{"z":14,"x":6374,"y":9066,"features":[{"k":"c","i":"c-14-25498-36264","x":-39.932784,"y":-18.854797,"p":2,"b":[-39.932999,-18.854832,-39.932568,-18.854763]}]}