{"z":14,"x":6344,"y":9118,"features":[{"k":"c","i":"c-14-25376-36472","x":-40.600979,"y":-19.933891,"p":2,"b":[-40.601181,-19.934716,-40.600777,-19.933065],"h":[[15,1],[21,1]]}]}