{"z":14,"x":6344,"y":9159,"features":[{"k":"c","i":"c-14-25376-36639","x":-40.602725,"y":-20.795086,"p":2,"b":[-40.603021,-20.795177,-40.60243,-20.794995]}]}