{"z":14,"x":6301,"y":9138,"features":[{"k":"c","i":"c-14-25207-36552","x":-41.532508,"y":-20.347777,"p":2,"b":[-41.532663,-20.348029,-41.532354,-20.347524],"h":[[3,1],[46,1]]},{"k":"c","i":"c-14-25207-36554","x":-41.531496,"y":-20.356029,"p":2,"b":[-41.531588,-20.356036,-41.531404,-20.356022],"h":[[4,1],[51,1]]},{"k":"s","i":"escolas_estaduais_es_32078595","x":-41.532779,"y":-20.352785,"n":"EEEM SAO JOAO DO PRINCIPE","t":3,"d":"iuna"}]}