{"z":14,"x":6302,"y":9132,"features":[{"k":"c","i":"c-14-25211-36530","x":-41.510604,"y":-20.233082,"p":2,"b":[-41.510715,-20.234883,-41.510492,-20.231281],"h":[[10,1],[15,1]]},{"k":"c","i":"c-14-25211-36531","x":-41.509336,"y":-20.237753,"p":5,"b":[-41.510359,-20.239484,-41.508194,-20.236794],"h":[[2,1],[12,1],[17,1],[30,1],[37,1]]},{"k":"s","i":"escolas_municipais_es_32082479","x":-41.513271,"y":-20.225517,"n":"CMEI PROFESSORA MARIA JOSE FARIA","t":18,"d":"ibatiba"}]}