{"layerId":"federais","label":"E. Federais","color":"#d9485f","generatedAt":"2026-03-26T20:50:56.966120+00:00","schoolCount":30,"bounds":[-41.536011,-21.189685,-39.860869,-18.128975],"tiles":{"pathTemplate":"tiles/{z}/{x}/{y}.json","minZoom":7,"maxZoom":18,"clusterMaxZoom":14,"clusterRadiusPx":64,"bufferTiles":1,"countsByZoom":{"7":2,"8":6,"9":12,"10":18,"11":21,"12":23,"13":26,"14":28,"15":29,"16":30,"17":30,"18":30},"availableKeys":["10:393:570","10:393:572","10:394:572","10:395:566","10:395:571","10:395:573","10:396:568","10:396:569","10:396:570","10:396:571","10:396:572","10:397:564","10:397:566","10:397:569","10:397:570","10:397:571","10:398:566","10:398:568","11:787:1141","11:787:1144","11:788:1144","11:789:1145","11:790:1142","11:791:1132","11:791:1147","11:792:1137","11:792:1138","11:792:1141","11:792:1145","11:793:1142","11:793:1144","11:794:1128","11:794:1132","11:794:1139","11:794:1141","11:794:1142","11:795:1141","11:796:1136","11:797:1132","12:1575:2283","12:1575:2289","12:1576:2289","12:1579:2290","12:1580:2284","12:1582:2265","12:1582:2294","12:1584:2274","12:1584:2282","12:1584:2290","12:1585:2274","12:1585:2277","12:1587:2284","12:1587:2288","12:1588:2257","12:1588:2264","12:1588:2284","12:1589:2278","12:1589:2283","12:1589:2284","12:1590:2282","12:1592:2273","12:1594:2264","13:3150:4579","13:3151:4566","13:3152:4578","13:3159:4580","13:3160:4568","13:3164:4589","13:3165:4530","13:3168:4548","13:3169:4564","13:3169:4581","13:3170:4555","13:3171:4549","13:3174:4576","13:3175:4569","13:3177:4515","13:3177:4529","13:3177:4568","13:3178:4567","13:3178:4568","13:3178:4569","13:3179:4556","13:3179:4567","13:3179:4568","13:3180:4565","13:3184:4546","13:3188:4528","14:6301:9158","14:6302:9132","14:6305:9157","14:6318:9160","14:6320:9137","14:6329:9179","14:6331:9061","14:6336:9097","14:6338:9128","14:6338:9162","14:6340:9111","14:6343:9098","14:6348:9152","14:6351:9138","14:6354:9059","14:6354:9137","14:6355:9031","14:6356:9136","14:6357:9134","14:6357:9135","14:6357:9136","14:6357:9138","14:6358:9135","14:6358:9137","14:6359:9112","14:6361:9130","14:6369:9092","14:6377:9057","15:12603:18316","15:12605:18265","15:12611:18315","15:12637:18320","15:12640:18274","15:12658:18358","15:12662:18122","15:12673:18194","15:12677:18256","15:12677:18324","15:12681:18223","15:12687:18196","15:12697:18305","15:12702:18277","15:12708:18118","15:12709:18274","15:12711:18062","15:12713:18272","15:12714:18271","15:12714:18272","15:12714:18276","15:12715:18269","15:12716:18270","15:12716:18274","15:12719:18225","15:12723:18261","15:12739:18185","15:12755:18114","15:12755:18115","16:25206:36633","16:25211:36530","16:25222:36631","16:25275:36641","16:25280:36548","16:25316:36716","16:25324:36244","16:25347:36388","16:25354:36512","16:25354:36648","16:25363:36447","16:25374:36392","16:25395:36610","16:25405:36555","16:25417:36236","16:25418:36548","16:25422:36124","16:25427:36544","16:25428:36542","16:25428:36545","16:25429:36552","16:25430:36538","16:25430:36539","16:25432:36540","16:25432:36548","16:25438:36451","16:25446:36523","16:25478:36370","16:25511:36229","16:25511:36230","17:50413:73266","17:50423:73061","17:50444:73263","17:50551:73282","17:50561:73096","17:50633:73433","17:50648:72489","17:50695:72776","17:50708:73296","17:50709:73025","17:50726:72894","17:50748:72784","17:50791:73221","17:50810:73111","17:50835:72473","17:50837:73096","17:50844:72249","17:50855:73089","17:50856:73090","17:50857:73085","17:50859:73105","17:50860:73077","17:50861:73078","17:50864:73080","17:50864:73096","17:50876:72902","17:50893:73047","17:50956:72741","17:51023:72459","17:51023:72460","18:100826:146532","18:100846:146123","18:100888:146527","18:101103:146564","18:101123:146193","18:101266:146866","18:101296:144978","18:101390:145552","18:101417:146593","18:101418:146051","18:101452:145789","18:101497:145569","18:101583:146443","18:101621:146222","18:101670:144947","18:101674:146192","18:101688:144499","18:101711:146179","18:101712:146181","18:101714:146171","18:101719:146210","18:101721:146155","18:101723:146157","18:101728:146160","18:101729:146193","18:101753:145804","18:101786:146094","18:101912:145482","18:102046:144918","18:102046:144920","7:49:70","7:49:71","8:98:141","8:98:142","8:98:143","8:99:141","8:99:142","8:99:143","9:196:285","9:196:286","9:197:283","9:197:285","9:197:286","9:198:282","9:198:283","9:198:284","9:198:285","9:198:286","9:199:283","9:199:284"],"schema":{"school":{"k":"s","i":"id","x":"longitude","y":"latitude","n":"name","t":"teacher_count","d":"detail_shard"},"cluster":{"k":"c","i":"id","x":"longitude","y":"latitude","p":"point_count","b":"bbox","h":"teacher_histogram"}}},"details":{"pathTemplate":"details/{shard}.json","shardStrategy":"municipio","shardCount":21},"filter":{"teacherHistogram":[[0,2],[7,1],[9,1],[21,1],[44,1],[45,1],[47,1],[53,1],[64,1],[68,1],[78,1],[92,1],[100,1],[102,1],[104,1],[108,1],[121,1],[129,1],[131,1],[134,1],[150,1],[151,1],[155,1],[166,1],[183,1],[204,1],[213,1],[433,1],[1161,1]],"maxTeacherCount":1161},"source":{"input":"D:\\Escolas ES\\backend\\projects\\escolas_federais_es\\data\\frontend_exports\\escolas_federais_es_georef.geojson"},"performance":{"contract":"slim_tiles_with_lazy_details","discardOffscreenTiles":true,"popupHydration":"on_demand"}}