{"z":13,"x":3183,"y":4514,"features":[{"k":"c","i":"c-13-12733-18058","x":-40.108406,"y":-18.088564,"p":2,"b":[-40.108648,-18.089904,-40.108164,-18.087224],"h":[[10,1],[13,1]]}]}