{"z":13,"x":3183,"y":4524,"features":[{"k":"c","i":"c-13-12734-18096","x":-40.090858,"y":-18.489499,"p":2,"b":[-40.09102,-18.489555,-40.090697,-18.489443],"h":[[5,1],[6,1]]}]}