{"z":13,"x":3183,"y":4557,"features":[{"k":"c","i":"c-13-12735-18230","x":-40.085422,"y":-19.875953,"p":2,"b":[-40.08544,-19.878034,-40.085405,-19.873872]}]}