{"z":9,"x":197,"y":282,"features":[{"k":"c","i":"c-9-790-1130","x":-41.053509,"y":-18.391021,"p":3,"b":[-41.12352,-18.41686,-41.005306,-18.339858],"h":[[13,1],[17,1],[19,1]]},{"k":"c","i":"c-9-791-1130","x":-40.842717,"y":-18.388316,"p":6,"b":[-40.896617,-18.474373,-40.829772,-18.369001],"h":[[0,2],[1,1],[21,1],[39,1],[51,1]]},{"k":"c","i":"c-9-791-1131","x":-40.867358,"y":-18.538574,"p":6,"b":[-40.890552,-18.628101,-40.811625,-18.485732],"h":[[0,2],[1,1],[10,1],[13,1],[23,1]]},{"k":"s","i":"escolas_estaduais_es_32000057","x":-40.977534,"y":-18.550061,"n":"EEEFM SEBASTIAO COIMBRA ELIZEU","t":40,"d":"agua-doce-do-norte"}]}