{"z":13,"x":3179,"y":4536,"features":[{"k":"c","i":"c-13-12718-18145","x":-40.273196,"y":-18.993435,"p":2,"b":[-40.273216,-18.993491,-40.273176,-18.993378]}]}