{"z":13,"x":3179,"y":4537,"features":[{"k":"c","i":"c-13-12716-18150","x":-40.295223,"y":-19.050015,"p":2,"b":[-40.295234,-19.050271,-40.295212,-19.049759],"h":[[7,1],[8,1]]}]}