{"z":13,"x":3179,"y":4555,"features":[{"k":"c","i":"c-13-12718-18223","x":-40.274314,"y":-19.801855,"p":2,"b":[-40.27475,-19.803726,-40.273878,-19.799983],"h":[[18,1],[41,1]]}]}