{"z":13,"x":3179,"y":4569,"features":[{"k":"c","i":"c-13-12716-18276","x":-40.291103,"y":-20.348633,"p":3,"b":[-40.292356,-20.353267,-40.28959,-20.34539],"h":[[14,1],[28,1],[50,1]]}]}