{"z":14,"x":6357,"y":9134,"features":[{"k":"c","i":"c-14-25431-36536","x":-40.300219,"y":-20.267094,"p":2,"b":[-40.301371,-20.267129,-40.299067,-20.26706],"h":[[0,1],[227,1]]},{"k":"c","i":"c-14-25431-36538","x":-40.300493,"y":-20.273492,"p":2,"b":[-40.300493,-20.273492,-40.300493,-20.273492],"h":[[17,1],[41,1]]},{"k":"c","i":"c-14-25431-36539","x":-40.30007,"y":-20.279948,"p":2,"b":[-40.300253,-20.28148,-40.299888,-20.278415],"h":[[14,1],[102,1]]}]}