{"z":14,"x":6346,"y":9022,"features":[{"k":"c","i":"c-14-25386-36088","x":-40.549152,"y":-17.939629,"p":2,"b":[-40.550497,-17.939898,-40.547808,-17.939359]}]}