{"z":14,"x":6346,"y":9073,"features":[{"k":"c","i":"c-14-25387-36293","x":-40.539633,"y":-19.007834,"p":2,"b":[-40.539677,-19.008911,-40.539589,-19.006757],"h":[[23,2]]},{"k":"c","i":"c-14-25387-36295","x":-40.541578,"y":-19.018163,"p":2,"b":[-40.542661,-19.019539,-40.540495,-19.016787],"h":[[11,1],[19,1]]},{"k":"s","i":"escolas_municipais_es_32007825","x":-40.540692,"y":-19.015353,"n":"EMEF PROFESSOR CARLOS DIAS MIRANDA CUNHA","t":21,"d":"sao-gabriel-da-palha"}]}