{"z":13,"x":3166,"y":4553,"features":[{"k":"c","i":"c-13-12667-18213","x":-40.834292,"y":-19.695389,"p":2,"b":[-40.834359,-19.695495,-40.834225,-19.695284],"h":[[8,1],[10,1]]}]}