{"z":13,"x":3166,"y":4555,"features":[{"k":"c","i":"c-13-12665-18223","x":-40.856953,"y":-19.804597,"p":2,"b":[-40.857378,-19.805025,-40.856527,-19.80417]}]}