{"z":13,"x":3166,"y":4576,"features":[{"k":"c","i":"c-13-12664-18304","x":-40.867251,"y":-20.641705,"p":2,"b":[-40.867302,-20.641718,-40.8672,-20.641693],"h":[[4,1],[11,1]]},{"k":"c","i":"c-13-12667-18305","x":-40.828323,"y":-20.645198,"p":2,"b":[-40.828332,-20.645202,-40.828314,-20.645195],"h":[[3,1],[8,1]]}]}