{"z":13,"x":3166,"y":4579,"features":[{"k":"c","i":"c-13-12667-18316","x":-40.833042,"y":-20.76416,"p":2,"b":[-40.833163,-20.764335,-40.832921,-20.763985]}]}