{"z":13,"x":3166,"y":4585,"features":[{"k":"c","i":"c-13-12665-18342","x":-40.857291,"y":-21.029383,"p":2,"b":[-40.857316,-21.029564,-40.857265,-21.029202]},{"k":"c","i":"c-13-12667-18340","x":-40.829641,"y":-21.008603,"p":2,"b":[-40.82994,-21.009867,-40.829342,-21.00734]},{"k":"c","i":"c-13-12667-18341","x":-40.832569,"y":-21.01488,"p":2,"b":[-40.834991,-21.016755,-40.830148,-21.013004]}]}