{"z":14,"x":6352,"y":9133,"features":[{"k":"c","i":"c-14-25410-36533","x":-40.41857,"y":-20.247353,"p":3,"b":[-40.41857,-20.247353,-40.41857,-20.247353],"h":[[0,3]]}]}