{"z":14,"x":6352,"y":9138,"features":[{"k":"c","i":"c-14-25408-36552","x":-40.424411,"y":-20.34751,"p":2,"b":[-40.424493,-20.347533,-40.42433,-20.347486]}]}