{"z":11,"x":795,"y":1130,"features":[{"k":"c","i":"c-11-3180-4522","x":-40.211954,"y":-18.410536,"p":2,"b":[-40.211988,-18.410634,-40.211919,-18.410439],"h":[[3,1],[48,1]]}]}