{"z":11,"x":795,"y":1136,"features":[{"k":"c","i":"c-11-3183-4547","x":-40.115961,"y":-19.457903,"p":2,"b":[-40.116893,-19.475907,-40.115028,-19.4399]}]}