{"z":12,"x":1577,"y":2289,"features":[{"k":"c","i":"c-12-6308-9159","x":-41.38572,"y":-20.793715,"p":4,"b":[-41.395955,-20.797178,-41.374752,-20.790235],"h":[[14,1],[19,1],[23,1],[24,1]]}]}