{"z":12,"x":1577,"y":2291,"features":[{"k":"c","i":"c-12-6310-9167","x":-41.343345,"y":-20.951889,"p":6,"b":[-41.349074,-20.96089,-41.340385,-20.945499]}]}