{"z":12,"x":1577,"y":2293,"features":[{"k":"c","i":"c-12-6309-9172","x":-41.36595,"y":-21.062418,"p":7,"b":[-41.367897,-21.06385,-41.363271,-21.05821],"h":[[4,1],[7,1],[10,1],[14,1],[16,2],[30,1]]},{"k":"c","i":"c-12-6309-9173","x":-41.358779,"y":-21.070323,"p":2,"b":[-41.360674,-21.07376,-41.356884,-21.066887],"h":[[7,1],[11,1]]}]}