{"z":14,"x":6350,"y":9138,"features":[{"k":"c","i":"c-14-25403-36555","x":-40.453853,"y":-20.36134,"p":2,"b":[-40.454062,-20.361531,-40.453644,-20.36115],"h":[[17,1],[24,1]]}]}