{"z":14,"x":6350,"y":9140,"features":[{"k":"c","i":"c-14-25400-36560","x":-40.470722,"y":-20.390675,"p":2,"b":[-40.471008,-20.390688,-40.470437,-20.390661]}]}