{"z":14,"x":6350,"y":9141,"features":[{"k":"c","i":"c-14-25402-36567","x":-40.461576,"y":-20.422079,"p":2,"b":[-40.462003,-20.422106,-40.46115,-20.422053]}]}