{"z":13,"x":3164,"y":4564,"features":[{"k":"c","i":"c-13-12657-18257","x":-40.943803,"y":-20.152864,"p":2,"b":[-40.943839,-20.152947,-40.943768,-20.152781]}]}