{"z":13,"x":3164,"y":4572,"features":[{"k":"c","i":"c-13-12659-18288","x":-40.919168,"y":-20.472353,"p":2,"b":[-40.919208,-20.472378,-40.919128,-20.472328],"h":[[3,1],[10,1]]}]}