{"z":13,"x":3164,"y":4589,"features":[{"k":"c","i":"c-13-12658-18358","x":-40.93116,"y":-21.189103,"p":2,"b":[-40.932436,-21.189451,-40.929885,-21.188756]}]}