{"z":13,"x":3168,"y":4536,"features":[{"k":"c","i":"c-13-12675-18144","x":-40.740399,"y":-18.984918,"p":2,"b":[-40.740536,-18.985213,-40.740263,-18.984623]}]}