{"z":13,"x":3168,"y":4572,"features":[{"k":"c","i":"c-13-12672-18289","x":-40.771514,"y":-20.484918,"p":2,"b":[-40.77152,-20.484977,-40.771509,-20.484859],"h":[[3,1],[29,1]]}]}