{"z":14,"x":6343,"y":9118,"features":[{"k":"c","i":"c-14-25375-36473","x":-40.609213,"y":-19.939862,"p":2,"b":[-40.609226,-19.939952,-40.6092,-19.939771],"h":[[2,1],[49,1]]}]}