{"z":13,"x":3171,"y":4580,"features":[{"k":"c","i":"c-13-12684-18320","x":-40.642285,"y":-20.804224,"p":3,"b":[-40.64421,-20.805884,-40.641316,-20.800969],"h":[[0,1],[7,1],[25,1]]}]}