{"z":14,"x":6336,"y":9144,"features":[{"k":"c","i":"c-14-25345-36579","x":-40.771514,"y":-20.484918,"p":2,"b":[-40.77152,-20.484977,-40.771509,-20.484859]}]}