{"z":13,"x":3150,"y":4569,"features":[{"k":"c","i":"c-13-12603-18276","x":-41.535514,"y":-20.34843,"p":3,"b":[-41.537912,-20.35045,-41.53416,-20.34464],"h":[[7,1],[21,2]]}]}