{"z":13,"x":3150,"y":4579,"features":[{"k":"c","i":"c-13-12603-18316","x":-41.532387,"y":-20.760891,"p":3,"b":[-41.536779,-20.763297,-41.52995,-20.758155],"h":[[0,1],[7,1],[21,1]]},{"k":"c","i":"c-13-12603-18317","x":-41.531848,"y":-20.767588,"p":2,"b":[-41.532566,-20.7677,-41.53113,-20.767476],"h":[[14,1],[17,1]]}]}