{"z":11,"x":791,"y":1135,"features":[{"k":"c","i":"c-11-3166-4541","x":-40.85357,"y":-19.221421,"p":2,"b":[-40.853584,-19.221451,-40.853556,-19.22139]}]}