{"z":11,"x":791,"y":1144,"features":[{"k":"c","i":"c-11-3167-4579","x":-40.81382,"y":-20.791909,"p":2,"b":[-40.815933,-20.794288,-40.811707,-20.78953],"h":[[0,1],[48,1]]}]}