{"z":12,"x":1581,"y":2262,"features":[{"k":"c","i":"c-12-6327-9051","x":-40.978719,"y":-18.548261,"p":2,"b":[-40.978866,-18.550915,-40.978572,-18.545606]}]}