{"z":12,"x":1581,"y":2269,"features":[{"k":"c","i":"c-12-6327-9076","x":-40.968209,"y":-19.068889,"p":2,"b":[-40.969037,-19.069299,-40.96738,-19.068479],"h":[[1,1],[6,1]]}]}