{"z":12,"x":1581,"y":2284,"features":[{"k":"c","i":"c-12-6324-9137","x":-41.034793,"y":-20.334782,"p":2,"b":[-41.044395,-20.336483,-41.025191,-20.333081]},{"k":"c","i":"c-12-6324-9139","x":-41.037945,"y":-20.377865,"p":2,"b":[-41.044916,-20.381682,-41.030973,-20.374047]}]}