{"z":12,"x":1579,"y":2287,"features":[{"k":"c","i":"c-12-6316-9150","x":-41.203625,"y":-20.607702,"p":3,"b":[-41.205155,-20.61049,-41.202822,-20.603033],"h":[[4,1],[18,1],[70,1]]}]}