{"z":14,"x":6326,"y":9177,"features":[{"k":"c","i":"c-14-25307-36708","x":-40.983661,"y":-21.147804,"p":2,"b":[-40.984229,-21.148398,-40.983094,-21.147211]}]}