{"z":14,"x":6358,"y":9112,"features":[{"k":"c","i":"c-14-25435-36450","x":-40.277588,"y":-19.818914,"p":2,"b":[-40.27767,-19.819032,-40.277506,-19.818796],"h":[[39,1],[40,1]]}]}