{"z":14,"x":6358,"y":9135,"features":[{"k":"c","i":"c-14-25432-36541","x":-40.293063,"y":-20.290107,"p":2,"b":[-40.29346,-20.291053,-40.292665,-20.28916],"h":[[5,1],[6,1]]},{"k":"c","i":"c-14-25432-36542","x":-40.293196,"y":-20.293561,"p":3,"b":[-40.29375,-20.293774,-40.292766,-20.29339],"h":[[17,1],[28,1],[42,1]]},{"k":"c","i":"c-14-25433-36542","x":-40.288727,"y":-20.29595,"p":2,"b":[-40.288798,-20.295951,-40.288656,-20.29595],"h":[[6,1],[85,1]]},{"k":"s","i":"escola-privada-32083882","x":-40.296359,"y":-20.303159,"n":"ESCOLA MADAN","t":26,"d":"vitoria"}]}