{"z":14,"x":6358,"y":9136,"features":[{"k":"c","i":"c-14-25433-36545","x":-40.292096,"y":-20.309658,"p":2,"b":[-40.29227,-20.31029,-40.291922,-20.309026],"h":[[6,1],[16,1]]},{"k":"c","i":"c-14-25433-36546","x":-40.290445,"y":-20.316249,"p":2,"b":[-40.290559,-20.317291,-40.290332,-20.315207],"h":[[3,1],[55,1]]},{"k":"s","i":"ies-privada-1498","x":-40.294805,"y":-20.311659,"n":"INSTITUTO DE ENSINO SUPERIOR E FORMAÇÃO AVANÇADA DE VITÓRIA","t":19,"d":"vitoria"}]}