{"z":14,"x":6341,"y":9097,"features":[{"k":"c","i":"c-14-25366-36391","x":-40.659286,"y":-19.514827,"p":2,"b":[-40.659777,-19.515178,-40.658795,-19.514476],"h":[[8,1],[34,1]]}]}