{"z":14,"x":6332,"y":9111,"features":[{"k":"c","i":"c-14-25330-36447","x":-40.856953,"y":-19.804597,"p":2,"b":[-40.857378,-19.805025,-40.856527,-19.80417],"h":[[14,1],[31,1]]}]}