{"z":14,"x":6332,"y":9152,"features":[{"k":"c","i":"c-14-25328-36609","x":-40.867251,"y":-20.641705,"p":2,"b":[-40.867302,-20.641718,-40.8672,-20.641693],"h":[[4,1],[11,1]]}]}