{"z":14,"x":6332,"y":9171,"features":[{"k":"c","i":"c-14-25330-36685","x":-40.857291,"y":-21.029383,"p":2,"b":[-40.857316,-21.029564,-40.857265,-21.029202]}]}