{"z":12,"x":1592,"y":2267,"features":[{"k":"c","i":"c-12-6368-9068","x":-40.06845,"y":-18.907386,"p":7,"b":[-40.077266,-18.913009,-40.0577,-18.900622],"h":[[13,2],[15,1],[18,1],[27,1],[35,1],[41,1]]},{"k":"c","i":"c-12-6368-9069","x":-40.075452,"y":-18.921321,"p":2,"b":[-40.07591,-18.921436,-40.074995,-18.921206],"h":[[13,1],[17,1]]},{"k":"c","i":"c-12-6369-9070","x":-40.040515,"y":-18.95401,"p":2,"b":[-40.041408,-18.954364,-40.039621,-18.953655],"h":[[9,1],[13,1]]},{"k":"s","i":"escolas_municipais_es_32016646","x":-40.010935,"y":-18.906823,"n":"EMEIEF SAO ROQUE","t":19,"d":"jaguare"}]}