{"z":12,"x":1592,"y":2268,"features":[{"k":"c","i":"c-12-6371-9072","x":-39.998257,"y":-18.987898,"p":2,"b":[-39.999575,-18.991296,-39.996939,-18.984501],"h":[[8,1],[17,1]]}]}