{"z":12,"x":1592,"y":2271,"features":[{"k":"c","i":"c-12-6369-9085","x":-40.039245,"y":-19.263535,"p":2,"b":[-40.039756,-19.263673,-40.038733,-19.263398],"h":[[15,1],[21,1]]}]}