{"z":12,"x":1592,"y":2273,"features":[{"k":"c","i":"c-12-6368-9092","x":-40.065697,"y":-19.397476,"p":3,"b":[-40.070689,-19.398739,-40.056733,-19.395177],"h":[[24,2],[25,1]]},{"k":"c","i":"c-12-6369-9092","x":-40.048286,"y":-19.400301,"p":9,"b":[-40.055503,-19.404473,-40.040214,-19.395327],"h":[[22,1],[23,1],[26,1],[28,1],[29,1],[30,1],[39,1],[41,1],[51,1]]},{"k":"c","i":"c-12-6370-9092","x":-40.018717,"y":-19.413957,"p":3,"b":[-40.019106,-19.413967,-40.018522,-19.413951],"h":[[25,1],[28,1],[29,1]]},{"k":"s","i":"escolas_municipais_es_32022859","x":-40.062134,"y":-19.446617,"n":"EMUEF PAULO ANDRE DE LIMA","t":1,"d":"linhares"}]}