{"z":12,"x":1592,"y":2278,"features":[{"k":"c","i":"c-12-6368-9112","x":-40.06279,"y":-19.82678,"p":3,"b":[-40.06652,-19.828588,-40.060243,-19.825792],"h":[[10,1],[11,1],[26,1]]}]}