{"z":11,"x":791,"y":1147,"features":[{"k":"c","i":"c-11-3164-4589","x":-40.93116,"y":-21.189103,"p":2,"b":[-40.932436,-21.189451,-40.929885,-21.188756],"h":[[13,1],[34,1]]},{"k":"c","i":"c-11-3165-4588","x":-40.893052,"y":-21.140797,"p":3,"b":[-40.90647,-21.16367,-40.871862,-21.126849],"h":[[16,1],[25,1],[26,1]]},{"k":"s","i":"escolas_municipais_es_32059655","x":-40.931136,"y":-21.131771,"n":"EMEB IMBURI","t":12,"d":"marataizes"}]}