{"z":13,"x":3158,"y":4575,"features":[{"k":"c","i":"c-13-12633-18301","x":-41.203625,"y":-20.607702,"p":3,"b":[-41.205155,-20.61049,-41.202822,-20.603033]}]}