{"z":11,"x":794,"y":1132,"features":[{"k":"c","i":"c-11-3176-4529","x":-40.397498,"y":-18.705709,"p":4,"b":[-40.400824,-18.712608,-40.395027,-18.692599],"h":[[0,1],[10,1],[28,1],[106,1]]}]}