{"z":11,"x":794,"y":1138,"features":[{"k":"c","i":"c-11-3177-4554","x":-40.383402,"y":-19.755324,"p":2,"b":[-40.384825,-19.75646,-40.38198,-19.754188],"h":[[0,1],[21,1]]}]}