{"z":11,"x":794,"y":1139,"features":[{"k":"c","i":"c-11-3177-4556","x":-40.36555,"y":-19.828976,"p":3,"b":[-40.370523,-19.833317,-40.362068,-19.820383],"h":[[0,1],[12,1],[16,1]]},{"k":"c","i":"c-11-3179-4556","x":-40.270748,"y":-19.819317,"p":13,"b":[-40.27767,-19.829633,-40.265275,-19.81141],"h":[[0,1],[8,1],[11,1],[12,1],[15,1],[23,1],[24,1],[27,1],[33,1],[34,1],[39,1],[40,1],[66,1]]}]}