{"z":11,"x":794,"y":1140,"features":[{"k":"c","i":"c-11-3178-4563","x":-40.309253,"y":-20.126981,"p":3,"b":[-40.312394,-20.129103,-40.304297,-20.125638],"h":[[9,1],[19,1],[22,1]]}]}