{"z":12,"x":1585,"y":2284,"features":[{"k":"c","i":"c-12-6341-9139","x":-40.662865,"y":-20.367978,"p":2,"b":[-40.662881,-20.368212,-40.66285,-20.367745]}]}