{"z":12,"x":1585,"y":2287,"features":[{"k":"c","i":"c-12-6342-9149","x":-40.645335,"y":-20.585746,"p":2,"b":[-40.646413,-20.58905,-40.644257,-20.582442],"h":[[0,2]]}]}