{"z":12,"x":1585,"y":2290,"features":[{"k":"c","i":"c-12-6342-9160","x":-40.640084,"y":-20.801561,"p":3,"b":[-40.64222,-20.805267,-40.635868,-20.799668]}]}