{"z":14,"x":6325,"y":9106,"features":[{"k":"c","i":"c-14-25300-36425","x":-41.018727,"y":-19.690331,"p":2,"b":[-41.019455,-19.690631,-41.017998,-19.690032]}]}