{"z":13,"x":3179,"y":4556,"features":[{"k":"c","i":"c-13-12717-18225","x":-40.277588,"y":-19.818914,"p":2,"b":[-40.27767,-19.819032,-40.277506,-19.818796],"h":[[39,1],[40,1]]},{"k":"c","i":"c-13-12718-18224","x":-40.26961,"y":-19.813561,"p":5,"b":[-40.27333,-19.817618,-40.265275,-19.81141],"h":[[0,1],[11,1],[12,1],[15,1],[24,1]]},{"k":"c","i":"c-13-12718-18225","x":-40.268935,"y":-19.823171,"p":5,"b":[-40.271314,-19.823975,-40.266798,-19.822573],"h":[[8,1],[23,1],[27,1],[33,1],[34,1]]},{"k":"s","i":"escola-privada-32077076","x":-40.271814,"y":-19.829633,"n":"CENTRO DE FORMACAO PROFISSIONAL E TECNOLOGICA CICLOS LTDA","t":66,"d":"aracruz"}]}