{"z":13,"x":3179,"y":4564,"features":[{"k":"c","i":"c-13-12719-18259","x":-40.256012,"y":-20.172597,"p":2,"b":[-40.256131,-20.172689,-40.255893,-20.172504],"h":[[12,1],[37,1]]}]}