{"z":13,"x":3179,"y":4565,"features":[{"k":"c","i":"c-13-12719-18261","x":-40.258756,"y":-20.196631,"p":7,"b":[-40.261921,-20.200001,-40.254088,-20.192316],"h":[[3,1],[11,2],[19,1],[42,1],[58,1],[249,1]]},{"k":"c","i":"c-13-12719-18262","x":-40.257761,"y":-20.208455,"p":2,"b":[-40.261376,-20.209884,-40.254147,-20.207027],"h":[[4,1],[24,1]]},{"k":"s","i":"ies-privada-19786","x":-40.263865,"y":-20.211109,"n":"FACULDADE ANHANGUERA DE SERRA","t":57,"d":"serra"}]}