{"z":13,"x":3179,"y":4569,"features":[{"k":"c","i":"c-13-12716-18276","x":-40.291828,"y":-20.348475,"p":5,"b":[-40.294193,-20.349519,-40.28861,-20.347385],"h":[[4,1],[15,1],[28,1],[36,1],[43,1]]},{"k":"c","i":"c-13-12716-18277","x":-40.292386,"y":-20.357085,"p":2,"b":[-40.295496,-20.358905,-40.289275,-20.355266],"h":[[8,1],[9,1]]},{"k":"s","i":"escola-privada-32083785","x":-40.285317,"y":-20.352681,"n":"THE JOY SCHOOL VILA VELHA","t":7,"d":"vila-velha"}]}