{"z":14,"x":6339,"y":9098,"features":[{"k":"c","i":"c-14-25357-36393","x":-40.705438,"y":-19.524458,"p":2,"b":[-40.706475,-19.524779,-40.704401,-19.524137],"h":[[20,1],[28,1]]}]}