{"z":13,"x":3174,"y":4569,"features":[{"k":"c","i":"c-13-12697-18278","x":-40.500787,"y":-20.372439,"p":2,"b":[-40.501221,-20.375171,-40.500352,-20.369707]},{"k":"c","i":"c-13-12697-18279","x":-40.501038,"y":-20.378412,"p":3,"b":[-40.503563,-20.380018,-40.498837,-20.377184]}]}