{"z":10,"x":399,"y":565,"features":[{"k":"c","i":"c-10-1596-2261","x":-39.708745,"y":-18.419859,"p":2,"b":[-39.709391,-18.420177,-39.708099,-18.41954],"h":[[10,1],[17,1]]}]}