{"z":12,"x":1577,"y":2291,"features":[{"k":"c","i":"c-12-6310-9167","x":-41.338983,"y":-20.951009,"p":4,"b":[-41.343871,-20.959138,-41.336376,-20.946773]}]}