{"z":11,"x":789,"y":1142,"features":[{"k":"c","i":"c-11-3157-4569","x":-41.243423,"y":-20.356611,"p":2,"b":[-41.244763,-20.35709,-41.242083,-20.356132]},{"k":"c","i":"c-11-3159-4568","x":-41.133935,"y":-20.326938,"p":3,"b":[-41.135154,-20.32852,-41.133274,-20.323995]}]}