{"z":11,"x":789,"y":1143,"features":[{"k":"c","i":"c-11-3158-4575","x":-41.203625,"y":-20.607702,"p":3,"b":[-41.205155,-20.61049,-41.202822,-20.603033]}]}