{"z":13,"x":3184,"y":4528,"features":[{"k":"c","i":"c-13-12737-18114","x":-40.064213,"y":-18.675445,"p":2,"b":[-40.06422,-18.675463,-40.064205,-18.675426]}]}