{"z":13,"x":3184,"y":4534,"features":[{"k":"c","i":"c-13-12736-18136","x":-40.0686,"y":-18.902869,"p":2,"b":[-40.069322,-18.905117,-40.067877,-18.900622]},{"k":"c","i":"c-13-12736-18137","x":-40.073995,"y":-18.910454,"p":3,"b":[-40.077266,-18.913009,-40.072334,-18.906364]},{"k":"c","i":"c-13-12736-18138","x":-40.075452,"y":-18.921321,"p":2,"b":[-40.07591,-18.921436,-40.074995,-18.921206]},{"k":"c","i":"c-13-12737-18137","x":-40.059981,"y":-18.907301,"p":2,"b":[-40.062262,-18.907721,-40.0577,-18.906881]}]}