{"z":13,"x":3184,"y":4535,"features":[{"k":"c","i":"c-13-12739-18141","x":-40.040515,"y":-18.95401,"p":2,"b":[-40.041408,-18.954364,-40.039621,-18.953655],"h":[[9,1],[13,1]]}]}