{"z":13,"x":3184,"y":4542,"features":[{"k":"c","i":"c-13-12739-18171","x":-40.039245,"y":-19.263535,"p":2,"b":[-40.039756,-19.263673,-40.038733,-19.263398]}]}