{"z":13,"x":3184,"y":4554,"features":[{"k":"c","i":"c-13-12738-18218","x":-40.046883,"y":-19.746255,"p":3,"b":[-40.047033,-19.74645,-40.046683,-19.746092]}]}