{"z":13,"x":3184,"y":4556,"features":[{"k":"c","i":"c-13-12737-18225","x":-40.06279,"y":-19.82678,"p":3,"b":[-40.06652,-19.828588,-40.060243,-19.825792],"h":[[10,1],[11,1],[26,1]]}]}