{"z":11,"x":789,"y":1142,"features":[{"k":"c","i":"c-11-3159-4568","x":-41.135254,"y":-20.32958,"p":2,"b":[-41.136526,-20.338118,-41.133982,-20.321041],"h":[[30,1],[37,1]]}]}