{"z":11,"x":789,"y":1143,"features":[{"k":"c","i":"c-11-3158-4575","x":-41.205315,"y":-20.604861,"p":4,"b":[-41.209391,-20.609876,-41.201418,-20.601577],"h":[[9,1],[24,2],[43,1]]}]}