{"z":11,"x":789,"y":1145,"features":[{"k":"c","i":"c-11-3159-4580","x":-41.163595,"y":-20.834466,"p":3,"b":[-41.174585,-20.837607,-41.157586,-20.832735],"h":[[23,2],[34,1]]},{"k":"c","i":"c-11-3159-4581","x":-41.149033,"y":-20.848517,"p":2,"b":[-41.149213,-20.848822,-41.148852,-20.848213],"h":[[6,1],[48,1]]},{"k":"s","i":"escola-privada-32051336","x":-41.196481,"y":-20.920099,"n":"CAEE ALDACYR DA SILVA CANDIDO LEAL - PESTALOZZI","t":0,"d":"atilio-vivacqua"}]}