{"z":9,"x":199,"y":283,"features":[{"k":"c","i":"c-9-796-1133","x":-40.065871,"y":-18.907856,"p":3,"b":[-40.074663,-18.909336,-40.055231,-18.905185],"h":[[0,1],[11,1],[21,1]]},{"k":"c","i":"c-9-797-1132","x":-39.831685,"y":-18.724714,"p":22,"b":[-39.877833,-18.745086,-39.750904,-18.715238],"h":[[0,1],[1,1],[2,2],[4,2],[5,1],[6,1],[7,1],[8,1],[10,1],[11,1],[13,1],[16,1],[29,2],[32,1],[40,1],[43,1],[58,1],[63,1],[124,1]]}]}