{"z":9,"x":199,"y":284,"features":[{"k":"c","i":"c-9-796-1136","x":-40.066433,"y":-19.394663,"p":16,"b":[-40.074069,-19.407215,-40.057691,-19.36393],"h":[[0,1],[6,1],[13,2],[15,1],[20,1],[21,1],[22,2],[25,1],[29,1],[32,1],[36,1],[45,1],[46,1],[120,1]]}]}