{"z":14,"x":6338,"y":9078,"features":[{"k":"c","i":"c-14-25354-36312","x":-40.723527,"y":-19.104398,"p":2,"b":[-40.723637,-19.104701,-40.723417,-19.104094],"h":[[2,1],[4,1]]}]}