{"z":14,"x":6338,"y":9136,"features":[{"k":"c","i":"c-14-25355-36545","x":-40.718393,"y":-20.310597,"p":2,"b":[-40.7184,-20.310629,-40.718386,-20.310565]}]}