{"z":11,"x":796,"y":1133,"features":[{"k":"c","i":"c-11-3184-4534","x":-40.074715,"y":-18.908356,"p":3,"b":[-40.077328,-18.911903,-40.07332,-18.906499]}]}