{"z":11,"x":796,"y":1136,"features":[{"k":"c","i":"c-11-3184-4545","x":-40.057326,"y":-19.380168,"p":6,"b":[-40.069134,-19.389732,-40.038856,-19.359966],"h":[[0,3],[3,1],[58,1],[61,1]]},{"k":"c","i":"c-11-3184-4546","x":-40.059518,"y":-19.400203,"p":11,"b":[-40.066854,-19.40621,-40.039648,-19.395175],"h":[[0,3],[3,1],[19,1],[30,1],[47,1],[52,1],[54,1],[67,1],[89,1]]},{"k":"s","i":"escolas_estaduais_es_32078528","x":-40.070756,"y":-19.32129,"n":"EEEM SANTINA MOROSINI CUPERTINO","t":2,"d":"linhares"}]}