{"z":12,"x":1584,"y":2268,"features":[{"k":"c","i":"c-12-6337-9072","x":-40.740399,"y":-18.984918,"p":2,"b":[-40.740536,-18.985213,-40.740263,-18.984623],"h":[[2,1],[34,1]]}]}