{"z":12,"x":1584,"y":2288,"features":[{"k":"c","i":"c-12-6337-9152","x":-40.749662,"y":-20.635949,"p":5,"b":[-40.751661,-20.638163,-40.746562,-20.635175]}]}