{"z":13,"x":3181,"y":4515,"features":[{"k":"c","i":"c-13-12727-18060","x":-40.173527,"y":-18.106159,"p":2,"b":[-40.174171,-18.107117,-40.172884,-18.105202]}]}