{"z":13,"x":3181,"y":4533,"features":[{"k":"c","i":"c-13-12726-18132","x":-40.179055,"y":-18.862025,"p":2,"b":[-40.179677,-18.863234,-40.178434,-18.860815],"h":[[11,1],[13,1]]}]}