{"z":13,"x":3181,"y":4534,"features":[{"k":"c","i":"c-13-12727-18137","x":-40.171901,"y":-18.907193,"p":2,"b":[-40.172073,-18.907682,-40.171729,-18.906704]}]}