{"z":13,"x":3181,"y":4539,"features":[{"k":"c","i":"c-13-12725-18157","x":-40.191554,"y":-19.116554,"p":2,"b":[-40.191988,-19.11672,-40.19112,-19.116389]}]}