{"z":14,"x":6293,"y":9141,"features":[{"k":"c","i":"c-14-25175-36567","x":-41.705298,"y":-20.423466,"p":2,"b":[-41.705469,-20.423988,-41.705126,-20.422943],"h":[[2,1],[7,1]]}]}