{"z":13,"x":3153,"y":4571,"features":[{"k":"c","i":"c-13-12614-18287","x":-41.413954,"y":-20.464481,"p":4,"b":[-41.415592,-20.46708,-41.410415,-20.461984]}]}