{"z":13,"x":3173,"y":4514,"features":[{"k":"c","i":"c-13-12695-18059","x":-40.521594,"y":-18.096486,"p":2,"b":[-40.521604,-18.096572,-40.521584,-18.096401],"h":[[2,1],[24,1]]}]}