{"z":13,"x":3173,"y":4546,"features":[{"k":"c","i":"c-13-12693-18185","x":-40.543044,"y":-19.410351,"p":3,"b":[-40.543951,-19.41078,-40.541409,-19.41011],"h":[[0,1],[7,1],[55,1]]}]}