{"z":13,"x":3173,"y":4575,"features":[{"k":"c","i":"c-13-12695-18303","x":-40.526975,"y":-20.625941,"p":2,"b":[-40.527606,-20.626267,-40.526344,-20.625615],"h":[[0,2]]}]}