{"z":11,"x":788,"y":1145,"features":[{"k":"c","i":"c-11-3155-4583","x":-41.345825,"y":-20.953254,"p":3,"b":[-41.350135,-20.957113,-41.342147,-20.949139],"h":[[0,1],[3,1],[11,1]]}]}