{"z":12,"x":1596,"y":2261,"features":[{"k":"c","i":"c-12-6384-9045","x":-39.708745,"y":-18.419859,"p":2,"b":[-39.709391,-18.420177,-39.708099,-18.41954]}]}