{"z":12,"x":1596,"y":2270,"features":[{"k":"c","i":"c-12-6384-9082","x":-39.713377,"y":-19.190055,"p":2,"b":[-39.713386,-19.190499,-39.713368,-19.18961]}]}