{"z":13,"x":3188,"y":4528,"features":[{"k":"c","i":"c-13-12755-18115","x":-39.864542,"y":-18.682836,"p":2,"b":[-39.864825,-18.683056,-39.864258,-18.682616],"h":[[10,1],[28,1]]}]}