{"z":13,"x":3154,"y":4586,"features":[{"k":"c","i":"c-13-12618-18345","x":-41.36701,"y":-21.063237,"p":5,"b":[-41.367897,-21.06385,-41.364622,-21.062286]},{"k":"c","i":"c-13-12619-18345","x":-41.3633,"y":-21.06037,"p":2,"b":[-41.363329,-21.062531,-41.363271,-21.05821]},{"k":"c","i":"c-13-12619-18346","x":-41.358779,"y":-21.070323,"p":2,"b":[-41.360674,-21.07376,-41.356884,-21.066887]}]}