{"z":11,"x":798,"y":1130,"features":[{"k":"c","i":"c-11-3192-4522","x":-39.709678,"y":-18.420233,"p":2,"b":[-39.709882,-18.420274,-39.709475,-18.420191],"h":[[0,1],[11,1]]}]}