{"z":10,"x":398,"y":565,"features":[{"k":"c","i":"c-10-1593-2261","x":-39.930554,"y":-18.433229,"p":2,"b":[-39.930631,-18.434474,-39.930477,-18.431984],"h":[[39,1],[68,1]]},{"k":"c","i":"c-10-1595-2260","x":-39.794892,"y":-18.376765,"p":2,"b":[-39.801194,-18.387619,-39.78859,-18.36591],"h":[[3,1],[19,1]]},{"k":"c","i":"c-10-1595-2263","x":-39.734237,"y":-18.584027,"p":6,"b":[-39.737627,-18.594513,-39.730066,-18.578379],"h":[[0,5],[33,1]]},{"k":"s","i":"escolas_estaduais_es_32016352","x":-39.914315,"y":-18.393438,"n":"EEEFM ASSENTAMENTO UNIAO","t":12,"d":"conceicao-da-barra"}]}