{"z":10,"x":398,"y":568,"features":[{"k":"c","i":"c-10-1592-2272","x":-40.059244,"y":-19.371757,"p":7,"b":[-40.070756,-19.389732,-40.038856,-19.32129],"h":[[0,3],[2,1],[3,1],[58,1],[61,1]]},{"k":"c","i":"c-10-1592-2273","x":-40.059518,"y":-19.400203,"p":11,"b":[-40.066854,-19.40621,-40.039648,-19.395175],"h":[[0,3],[3,1],[19,1],[30,1],[47,1],[52,1],[54,1],[67,1],[89,1]]}]}