{"z":10,"x":398,"y":568,"features":[{"k":"c","i":"c-10-1592-2272","x":-40.059244,"y":-19.371757,"p":7,"b":[-40.070756,-19.389732,-40.038856,-19.32129]},{"k":"c","i":"c-10-1592-2273","x":-40.059518,"y":-19.400203,"p":11,"b":[-40.066854,-19.40621,-40.039648,-19.395175]}]}