{"z":14,"x":6355,"y":9031,"features":[{"k":"c","i":"c-14-25420-36124","x":-40.362744,"y":-18.126783,"p":2,"b":[-40.363702,-18.127019,-40.361787,-18.126546]}]}