{"z":14,"x":6302,"y":9132,"features":[{"k":"c","i":"c-14-25211-36530","x":-41.508309,"y":-20.234012,"p":2,"b":[-41.50881,-20.234363,-41.507807,-20.233662],"h":[[4,1],[13,1]]}]}