{"z":8,"x":99,"y":143,"features":[{"k":"c","i":"c-8-396-572","x":-40.602845,"y":-20.704779,"p":24,"b":[-40.778224,-20.90051,-40.497457,-20.635175]}]}