{"z":8,"x":99,"y":143,"features":[{"k":"c","i":"c-8-396-572","x":-40.602845,"y":-20.704779,"p":24,"b":[-40.778224,-20.90051,-40.497457,-20.635175],"h":[[0,10],[2,1],[3,2],[31,1],[32,1],[34,2],[45,1],[46,1],[47,2],[49,1],[62,1],[76,1]]}]}