{"z":14,"x":6289,"y":9151,"features":[{"k":"c","i":"c-14-25157-36607","x":-41.805294,"y":-20.632629,"p":2,"b":[-41.805301,-20.632705,-41.805287,-20.632553]}]}