{"z":14,"x":6329,"y":9120,"features":[{"k":"c","i":"c-14-25318-36482","x":-40.918637,"y":-19.986386,"p":2,"b":[-40.918637,-19.986386,-40.918637,-19.986386],"h":[[0,2]]}]}