{"z":14,"x":6329,"y":9163,"features":[{"k":"c","i":"c-14-25316-36652","x":-40.932185,"y":-20.863664,"p":3,"b":[-40.93244,-20.863816,-40.931744,-20.863405],"h":[[0,1],[4,1],[58,1]]}]}