{"z":14,"x":6347,"y":9029,"features":[{"k":"c","i":"c-14-25391-36118","x":-40.521594,"y":-18.096486,"p":2,"b":[-40.521604,-18.096572,-40.521584,-18.096401],"h":[[2,1],[24,1]]}]}