{"z":14,"x":6347,"y":9151,"features":[{"k":"c","i":"c-14-25390-36606","x":-40.526975,"y":-20.625941,"p":2,"b":[-40.527606,-20.626267,-40.526344,-20.625615]}]}