{"z":13,"x":3150,"y":4569,"features":[{"k":"c","i":"c-13-12603-18276","x":-41.532598,"y":-20.349446,"p":3,"b":[-41.532779,-20.352785,-41.532354,-20.347524],"h":[[3,2],[46,1]]},{"k":"c","i":"c-13-12603-18277","x":-41.531496,"y":-20.356029,"p":2,"b":[-41.531588,-20.356036,-41.531404,-20.356022],"h":[[4,1],[51,1]]}]}