{"z":8,"x":98,"y":141,"features":[{"k":"c","i":"c-8-395-565","x":-40.880753,"y":-18.432418,"p":3,"b":[-40.9768,-18.550417,-40.829029,-18.371918],"h":[[0,2],[16,1]]},{"k":"c","i":"c-8-395-566","x":-40.929037,"y":-18.765139,"p":6,"b":[-41.121422,-18.863296,-40.882428,-18.697301],"h":[[0,2],[6,1],[11,1],[18,1],[35,1]]},{"k":"s","i":"escola-privada-32064942","x":-40.85337,"y":-19.221388,"n":"ESCOLA DE ENSINO FUNDAMENTAL DE PANCAS - ASPEN","t":12,"d":"pancas"}]}