{"z":13,"x":3170,"y":4548,"features":[{"k":"c","i":"c-13-12683-18195","x":-40.659286,"y":-19.514827,"p":2,"b":[-40.659777,-19.515178,-40.658795,-19.514476],"h":[[8,1],[34,1]]}]}