{"z":12,"x":1579,"y":2287,"features":[{"k":"c","i":"c-12-6316-9150","x":-41.205315,"y":-20.604861,"p":4,"b":[-41.209391,-20.609876,-41.201418,-20.601577],"h":[[9,1],[24,2],[43,1]]}]}