{"z":12,"x":1579,"y":2290,"features":[{"k":"c","i":"c-12-6318-9161","x":-41.163595,"y":-20.834466,"p":3,"b":[-41.174585,-20.837607,-41.157586,-20.832735],"h":[[23,2],[34,1]]},{"k":"c","i":"c-12-6319-9162","x":-41.149033,"y":-20.848517,"p":2,"b":[-41.149213,-20.848822,-41.148852,-20.848213],"h":[[6,1],[48,1]]}]}