{"z":14,"x":6351,"y":9151,"features":[{"k":"c","i":"c-14-25405-36607","x":-40.442188,"y":-20.629911,"p":2,"b":[-40.442434,-20.630041,-40.441942,-20.629781],"h":[[21,1],[32,1]]}]}