{"z":13,"x":3186,"y":4519,"features":[{"k":"c","i":"c-13-12746-18078","x":-39.9591,"y":-18.298143,"p":2,"b":[-39.959281,-18.300384,-39.958919,-18.295902]},{"k":"c","i":"c-13-12747-18078","x":-39.950674,"y":-18.295577,"p":2,"b":[-39.951591,-18.297464,-39.949757,-18.293689]},{"k":"c","i":"c-13-12747-18079","x":-39.956027,"y":-18.303598,"p":2,"b":[-39.956027,-18.303598,-39.956027,-18.303598]}]}