{"z":12,"x":1580,"y":2266,"features":[{"k":"c","i":"c-12-6320-9066","x":-41.122076,"y":-18.86237,"p":5,"b":[-41.125128,-18.865017,-41.119517,-18.859976],"h":[[0,1],[2,1],[3,1],[27,1],[30,1]]}]}