{"z":12,"x":1580,"y":2279,"features":[{"k":"c","i":"c-12-6323-9116","x":-41.055849,"y":-19.900717,"p":3,"b":[-41.056031,-19.900935,-41.055486,-19.900281],"h":[[0,2],[26,1]]}]}