{"z":12,"x":1580,"y":2281,"features":[{"k":"c","i":"c-12-6320-9124","x":-41.127074,"y":-20.075303,"p":3,"b":[-41.127396,-20.075541,-41.126851,-20.074898],"h":[[3,1],[34,1],[38,1]]}]}