{"z":14,"x":6346,"y":9092,"features":[{"k":"c","i":"c-14-25387-36371","x":-40.543044,"y":-19.410351,"p":3,"b":[-40.543951,-19.41078,-40.541409,-19.41011],"h":[[0,1],[7,1],[55,1]]}]}