{"z":12,"x":1584,"y":2290,"features":[{"k":"c","i":"c-12-6338-9162","x":-40.729355,"y":-20.839978,"p":2,"b":[-40.735737,-20.841062,-40.722972,-20.838893],"h":[[0,1],[17,1]]}]}