{"z":13,"x":3173,"y":4537,"features":[{"k":"c","i":"c-13-12694-18148","x":-40.536063,"y":-19.021324,"p":2,"b":[-40.536835,-19.021831,-40.535292,-19.020817],"h":[[0,1],[5,1]]}]}