{"z":13,"x":3173,"y":4546,"features":[{"k":"c","i":"c-13-12693-18185","x":-40.541093,"y":-19.410126,"p":2,"b":[-40.541194,-19.410802,-40.540991,-19.409449],"h":[[0,1],[15,1]]}]}