{"z":14,"x":6347,"y":9074,"features":[{"k":"c","i":"c-14-25388-36296","x":-40.536063,"y":-19.021324,"p":2,"b":[-40.536835,-19.021831,-40.535292,-19.020817],"h":[[0,1],[5,1]]}]}