{"z":12,"x":1589,"y":2278,"features":[{"k":"c","i":"c-12-6358-9112","x":-40.282867,"y":-19.821993,"p":2,"b":[-40.282946,-19.822111,-40.282789,-19.821874]},{"k":"c","i":"c-12-6359-9112","x":-40.274488,"y":-19.820423,"p":2,"b":[-40.27461,-19.820705,-40.274367,-19.82014]}]}