{"z":12,"x":1589,"y":2281,"features":[{"k":"c","i":"c-12-6357-9127","x":-40.30689,"y":-20.12568,"p":6,"b":[-40.308525,-20.130839,-40.301383,-20.119258]},{"k":"c","i":"c-12-6358-9127","x":-40.28492,"y":-20.134099,"p":2,"b":[-40.286793,-20.13456,-40.283048,-20.133639]}]}