{"z":11,"x":796,"y":1133,"features":[{"k":"c","i":"c-11-3184-4534","x":-40.065871,"y":-18.907856,"p":3,"b":[-40.074663,-18.909336,-40.055231,-18.905185],"h":[[0,1],[11,1],[21,1]]}]}