{"z":13,"x":3154,"y":4586,"features":[{"k":"c","i":"c-13-12618-18345","x":-41.36759,"y":-21.062739,"p":3,"b":[-41.3708,-21.063483,-41.364489,-21.062342],"h":[[0,3]]},{"k":"c","i":"c-13-12618-18346","x":-41.368225,"y":-21.064967,"p":2,"b":[-41.368317,-21.065456,-41.368133,-21.064479],"h":[[0,1],[28,1]]},{"k":"c","i":"c-13-12619-18345","x":-41.363034,"y":-21.062404,"p":22,"b":[-41.363271,-21.062531,-41.358103,-21.059757],"h":[[0,21],[53,1]]},{"k":"s","i":"escolas_estaduais_es_32057113","x":-41.358161,"y":-21.068813,"n":"EEUEF HERMES SILVA","d":"mimoso-do-sul"}]}