{"z":11,"x":797,"y":1130,"features":[{"k":"c","i":"c-11-3190-4521","x":-39.794892,"y":-18.376765,"p":2,"b":[-39.801194,-18.387619,-39.78859,-18.36591]}]}