{"z":11,"x":797,"y":1131,"features":[{"k":"c","i":"c-11-3191-4526","x":-39.734237,"y":-18.584027,"p":6,"b":[-39.737627,-18.594513,-39.730066,-18.578379]}]}