{"z":10,"x":397,"y":569,"features":[{"k":"c","i":"c-10-1588-2277","x":-40.383402,"y":-19.755324,"p":2,"b":[-40.384825,-19.75646,-40.38198,-19.754188],"h":[[0,1],[21,1]]},{"k":"c","i":"c-10-1588-2278","x":-40.36555,"y":-19.828976,"p":3,"b":[-40.370523,-19.833317,-40.362068,-19.820383],"h":[[0,1],[12,1],[16,1]]},{"k":"c","i":"c-10-1589-2278","x":-40.270748,"y":-19.819317,"p":13,"b":[-40.27767,-19.829633,-40.265275,-19.81141],"h":[[0,1],[8,1],[11,1],[12,1],[15,1],[23,1],[24,1],[27,1],[33,1],[34,1],[39,1],[40,1],[66,1]]},{"k":"c","i":"c-10-1591-2279","x":-40.144079,"y":-19.932174,"p":3,"b":[-40.150341,-19.933609,-40.138649,-19.931032],"h":[[9,1],[13,1],[17,1]]}]}