{"z":10,"x":397,"y":571,"features":[{"k":"c","i":"c-10-1588-2284","x":-40.379567,"y":-20.338808,"p":49,"b":[-40.425467,-20.371925,-40.34438,-20.308566],"h":[[0,2],[1,2],[2,4],[3,1],[4,4],[5,4],[7,1],[9,1],[10,3],[11,2],[12,3],[13,1],[15,1],[16,1],[21,2],[22,1],[23,1],[24,1],[25,1],[26,1],[27,1],[30,1],[31,1],[32,1],[34,1],[38,1],[43,1],[45,1],[54,2],[70,1],[71,1]]},{"k":"c","i":"c-10-1589-2284","x":-40.304543,"y":-20.337144,"p":94,"b":[-40.34061,-20.38576,-40.275028,-20.304238],"h":[[0,2],[2,5],[3,1],[4,6],[5,2],[6,2],[7,4],[8,4],[9,2],[10,3],[11,1],[12,2],[14,2],[15,2],[16,2],[17,4],[18,4],[19,3],[20,3],[21,1],[22,1],[23,1],[26,2],[28,2],[30,1],[33,1],[34,2],[35,3],[36,1],[37,2],[38,1],[39,1],[43,2],[45,1],[47,1],[49,1],[50,1],[54,1],[55,1],[56,2],[57,1],[74,1],[79,1],[83,1],[92,1],[101,1],[103,2],[119,1],[130,1],[353,1]]},{"k":"c","i":"c-10-1589-2285","x":-40.326495,"y":-20.407316,"p":6,"b":[-40.338343,-20.430935,-40.312551,-20.38629],"h":[[9,2],[17,1],[18,1],[37,1],[86,1]]},{"k":"s","i":"escola-privada-32079931","x":-40.348534,"y":-20.446446,"n":"ESCOLA MARISTA CHAMPAGNAT TERRA VERMELHA","t":25,"d":"vila-velha"}]}