{"z":13,"x":3169,"y":4539,"features":[{"k":"c","i":"c-13-12677-18156","x":-40.723527,"y":-19.104398,"p":2,"b":[-40.723637,-19.104701,-40.723417,-19.104094]}]}