{"z":13,"x":3169,"y":4549,"features":[{"k":"c","i":"c-13-12678-18196","x":-40.705438,"y":-19.524458,"p":2,"b":[-40.706475,-19.524779,-40.704401,-19.524137]}]}