{"z":13,"x":3169,"y":4568,"features":[{"k":"c","i":"c-13-12677-18272","x":-40.718393,"y":-20.310597,"p":2,"b":[-40.7184,-20.310629,-40.718386,-20.310565]}]}