{"z":13,"x":3169,"y":4574,"features":[{"k":"c","i":"c-13-12679-18298","x":-40.69844,"y":-20.579568,"p":2,"b":[-40.699147,-20.579862,-40.697733,-20.579273]}]}