{"z":13,"x":3148,"y":4569,"features":[{"k":"c","i":"c-13-12593-18276","x":-41.643528,"y":-20.34882,"p":2,"b":[-41.643693,-20.348957,-41.643363,-20.348683],"h":[[26,1],[37,1]]}]}