{"z":13,"x":3148,"y":4583,"features":[{"k":"c","i":"c-13-12595-18334","x":-41.621815,"y":-20.946769,"p":2,"b":[-41.621847,-20.94678,-41.621782,-20.946759],"h":[[5,1],[15,1]]}]}