{"z":13,"x":3148,"y":4585,"features":[{"k":"c","i":"c-13-12592-18342","x":-41.65466,"y":-21.025686,"p":3,"b":[-41.655532,-21.026867,-41.653401,-21.024893]}]}