{"z":14,"x":6354,"y":9031,"features":[{"k":"c","i":"c-14-25419-36124","x":-40.366024,"y":-18.126688,"p":2,"b":[-40.366049,-18.126722,-40.365999,-18.126654],"h":[[2,1],[37,1]]}]}