{"z":11,"x":787,"y":1142,"features":[{"k":"c","i":"c-11-3148-4569","x":-41.64119,"y":-20.346012,"p":2,"b":[-41.64123,-20.346028,-41.641151,-20.345996]},{"k":"c","i":"c-11-3150-4569","x":-41.532157,"y":-20.352079,"p":5,"b":[-41.532779,-20.356036,-41.531404,-20.347524]}]}