{"z":11,"x":787,"y":1144,"features":[{"k":"c","i":"c-11-3149-4579","x":-41.592101,"y":-20.76475,"p":2,"b":[-41.592197,-20.764757,-41.592005,-20.764743]},{"k":"c","i":"c-11-3150-4579","x":-41.537164,"y":-20.76165,"p":4,"b":[-41.545898,-20.766468,-41.530824,-20.758909]}]}