{"z":11,"x":797,"y":1132,"features":[{"k":"c","i":"c-11-3188-4529","x":-39.869505,"y":-18.718886,"p":2,"b":[-39.877833,-18.719618,-39.861177,-18.718155],"h":[[11,1],[32,1]]},{"k":"c","i":"c-11-3189-4529","x":-39.845397,"y":-18.720576,"p":15,"b":[-39.853956,-18.726578,-39.833731,-18.715238],"h":[[0,1],[2,1],[4,2],[5,1],[8,1],[10,1],[13,1],[29,2],[40,1],[43,1],[58,1],[63,1],[124,1]]},{"k":"c","i":"c-11-3191-4530","x":-39.753681,"y":-18.739063,"p":4,"b":[-39.759766,-18.745086,-39.750904,-18.730092],"h":[[1,1],[6,1],[7,1],[16,1]]},{"k":"s","i":"escola-privada-32084030","x":-39.862385,"y":-18.741039,"n":"SEST SENAT - C 123 SAO MATEUS","t":2,"d":"sao-mateus"}]}