{"z":10,"x":393,"y":570,"features":[{"k":"c","i":"c-10-1575-2283","x":-41.504232,"y":-20.232298,"p":3,"b":[-41.50881,-20.234363,-41.49608,-20.22887],"h":[[0,1],[4,1],[13,1]]}]}