{"z":10,"x":393,"y":572,"features":[{"k":"c","i":"c-10-1573-2289","x":-41.67718,"y":-20.770162,"p":4,"b":[-41.682566,-20.77434,-41.671181,-20.761689],"h":[[0,1],[11,1],[24,1],[26,1]]},{"k":"c","i":"c-10-1575-2289","x":-41.532171,"y":-20.76357,"p":5,"b":[-41.536779,-20.7677,-41.52995,-20.758155],"h":[[0,1],[7,1],[14,1],[17,1],[21,1]]}]}