{"z":13,"x":3158,"y":4580,"features":[{"k":"c","i":"c-13-12635-18323","x":-41.179781,"y":-20.834334,"p":2,"b":[-41.180792,-20.834879,-41.178769,-20.833788]}]}