{"z":13,"x":3158,"y":4582,"features":[{"k":"c","i":"c-13-12634-18331","x":-41.195433,"y":-20.91572,"p":4,"b":[-41.197428,-20.918575,-41.194404,-20.913601],"h":[[14,1],[16,1],[17,1],[34,1]]}]}