{"z":12,"x":1591,"y":2256,"features":[{"k":"c","i":"c-12-6364-9026","x":-40.149514,"y":-18.029882,"p":2,"b":[-40.150612,-18.03086,-40.148416,-18.028904]}]}