{"z":12,"x":1591,"y":2257,"features":[{"k":"c","i":"c-12-6366-9029","x":-40.108406,"y":-18.088564,"p":2,"b":[-40.108648,-18.089904,-40.108164,-18.087224]}]}