{"z":12,"x":1591,"y":2271,"features":[{"k":"c","i":"c-12-6364-9084","x":-40.145632,"y":-19.232963,"p":2,"b":[-40.145943,-19.233153,-40.145321,-19.232772],"h":[[10,1],[12,1]]}]}