{"z":12,"x":1591,"y":2273,"features":[{"k":"c","i":"c-12-6366-9095","x":-40.115999,"y":-19.472022,"p":3,"b":[-40.11925,-19.475008,-40.112795,-19.466366],"h":[[21,1],[29,1],[52,1]]}]}