{"z":13,"x":3147,"y":4573,"features":[{"k":"c","i":"c-13-12591-18294","x":-41.664437,"y":-20.539516,"p":2,"b":[-41.667654,-20.540185,-41.66122,-20.538846]}]}