{"z":10,"x":396,"y":568,"features":[{"k":"c","i":"c-10-1585-2274","x":-40.637026,"y":-19.529968,"p":12,"b":[-40.662437,-19.543402,-40.626882,-19.519209],"h":[[0,2],[6,1],[7,1],[22,1],[24,1],[42,1],[47,2],[48,1],[49,1],[60,1]]},{"k":"c","i":"c-10-1586-2273","x":-40.543044,"y":-19.410351,"p":3,"b":[-40.543951,-19.41078,-40.541409,-19.41011],"h":[[0,1],[7,1],[55,1]]},{"k":"c","i":"c-10-1586-2274","x":-40.600162,"y":-19.48556,"p":2,"b":[-40.602445,-19.493253,-40.59788,-19.477868],"h":[[0,1],[37,1]]},{"k":"s","i":"escolas_estaduais_es_32024550","x":-40.44753,"y":-19.369234,"n":"EEEFM MANOEL SALUSTIANO DE SOUZA","t":28,"d":"linhares"}]}