{"z":11,"x":795,"y":1130,"features":[{"k":"c","i":"c-11-3180-4522","x":-40.21885,"y":-18.412566,"p":3,"b":[-40.221833,-18.417268,-40.21539,-18.409588],"h":[[0,1],[9,1],[18,1]]}]}