{"z":11,"x":795,"y":1141,"features":[{"k":"c","i":"c-11-3180-4564","x":-40.246591,"y":-20.169494,"p":6,"b":[-40.253031,-20.174086,-40.239805,-20.164513],"h":[[16,1],[18,1],[19,1],[30,1],[31,1],[50,1]]},{"k":"c","i":"c-11-3180-4565","x":-40.238209,"y":-20.196864,"p":15,"b":[-40.253339,-20.20504,-40.220204,-20.191453],"h":[[0,1],[3,1],[6,1],[7,1],[8,2],[21,2],[36,1],[39,1],[41,1],[44,1],[45,1],[46,1],[72,1]]},{"k":"c","i":"c-11-3181-4564","x":-40.192068,"y":-20.158829,"p":3,"b":[-40.197147,-20.166844,-40.18679,-20.149264],"h":[[5,1],[31,1],[33,1]]}]}