{"z":11,"x":797,"y":1132,"features":[{"k":"c","i":"c-11-3188-4528","x":-39.860998,"y":-18.676633,"p":2,"b":[-39.861126,-18.677998,-39.860869,-18.675268],"h":[[102,1],[204,1]]}]}