{"z":11,"x":798,"y":1130,"features":[{"k":"c","i":"c-11-3192-4522","x":-39.708745,"y":-18.419859,"p":2,"b":[-39.709391,-18.420177,-39.708099,-18.41954]}]}