{"z":11,"x":798,"y":1135,"features":[{"k":"c","i":"c-11-3192-4541","x":-39.713377,"y":-19.190055,"p":2,"b":[-39.713386,-19.190499,-39.713368,-19.18961]}]}