{"z":13,"x":3192,"y":4522,"features":[{"k":"c","i":"c-13-12769-18090","x":-39.708745,"y":-18.419859,"p":2,"b":[-39.709391,-18.420177,-39.708099,-18.41954],"h":[[10,1],[17,1]]}]}