{"z":13,"x":3192,"y":4541,"features":[{"k":"c","i":"c-13-12769-18164","x":-39.713377,"y":-19.190055,"p":2,"b":[-39.713386,-19.190499,-39.713368,-19.18961]}]}