{"z":12,"x":1594,"y":2264,"features":[{"k":"c","i":"c-12-6377-9057","x":-39.860998,"y":-18.676633,"p":2,"b":[-39.861126,-18.677998,-39.860869,-18.675268],"h":[[102,1],[204,1]]}]}