{"z":13,"x":3180,"y":4564,"features":[{"k":"c","i":"c-13-12720-18259","x":-40.249976,"y":-20.171981,"p":4,"b":[-40.253031,-20.174086,-40.246068,-20.1703],"h":[[18,1],[19,1],[30,1],[50,1]]},{"k":"c","i":"c-13-12721-18258","x":-40.239821,"y":-20.164518,"p":2,"b":[-40.239837,-20.164524,-40.239805,-20.164513],"h":[[16,1],[31,1]]}]}