{"z":13,"x":3177,"y":4515,"features":[{"k":"c","i":"c-13-12709-18062","x":-40.371704,"y":-18.129988,"p":3,"b":[-40.373019,-18.131823,-40.370032,-18.127645],"h":[[14,1],[25,1],[44,1]]},{"k":"c","i":"c-13-12710-18061","x":-40.363193,"y":-18.123516,"p":2,"b":[-40.363384,-18.123684,-40.363003,-18.123348],"h":[[12,1],[15,1]]},{"k":"c","i":"c-13-12710-18062","x":-40.35623,"y":-18.127435,"p":4,"b":[-40.356884,-18.129459,-40.354687,-18.125946],"h":[[11,1],[14,1],[15,1],[23,1]]}]}