{"z":13,"x":3177,"y":4539,"features":[{"k":"c","i":"c-13-12710-18157","x":-40.362386,"y":-19.122659,"p":2,"b":[-40.363047,-19.123853,-40.361726,-19.121466]}]}