{"z":13,"x":3177,"y":4548,"features":[{"k":"c","i":"c-13-12710-18195","x":-40.356456,"y":-19.508286,"p":3,"b":[-40.356512,-19.508758,-40.356399,-19.508025]}]}