{"z":13,"x":3177,"y":4556,"features":[{"k":"c","i":"c-13-12709-18225","x":-40.37127,"y":-19.821027,"p":2,"b":[-40.372025,-19.821556,-40.370516,-19.820499]},{"k":"c","i":"c-13-12709-18226","x":-40.36809,"y":-19.832575,"p":3,"b":[-40.369914,-19.833599,-40.366827,-19.830561]},{"k":"c","i":"c-13-12710-18225","x":-40.362124,"y":-19.825528,"p":2,"b":[-40.362632,-19.827337,-40.361616,-19.82372]}]}