{"z":13,"x":3177,"y":4573,"features":[{"k":"c","i":"c-13-12709-18292","x":-40.374435,"y":-20.510624,"p":2,"b":[-40.37459,-20.510843,-40.37428,-20.510405],"h":[[33,1],[70,1]]}]}