{"z":14,"x":6357,"y":9086,"features":[{"k":"c","i":"c-14-25428-36344","x":-40.318158,"y":-19.273077,"p":2,"b":[-40.319757,-19.274254,-40.31656,-19.2719]}]}