{"z":14,"x":6357,"y":9128,"features":[{"k":"c","i":"c-14-25431-36512","x":-40.300046,"y":-20.14038,"p":2,"b":[-40.302084,-20.141886,-40.298008,-20.138874]}]}