{"z":14,"x":6357,"y":9133,"features":[{"k":"c","i":"c-14-25431-36535","x":-40.298546,"y":-20.25902,"p":4,"b":[-40.298993,-20.260415,-40.29811,-20.25751]}]}