{"z":14,"x":6364,"y":9059,"features":[{"k":"c","i":"c-14-25456-36237","x":-40.161648,"y":-18.718681,"p":3,"b":[-40.161648,-18.718681,-40.161648,-18.718681]}]}