{"z":12,"x":1592,"y":2273,"features":[{"k":"c","i":"c-12-6368-9092","x":-40.064194,"y":-19.400611,"p":11,"b":[-40.069668,-19.407215,-40.057691,-19.394289],"h":[[6,1],[13,1],[15,1],[20,1],[22,1],[25,1],[29,1],[32,1],[45,1],[46,1],[120,1]]}]}