{"z":9,"x":197,"y":284,"features":[{"k":"c","i":"c-9-790-1137","x":-41.011584,"y":-19.51663,"p":4,"b":[-41.016875,-19.518295,-41.006968,-19.512521],"h":[[0,1],[14,1],[15,1],[20,1]]}]}