{"z":14,"x":6347,"y":9126,"features":[{"k":"c","i":"c-14-25390-36504","x":-40.526969,"y":-20.099006,"p":3,"b":[-40.528292,-20.099684,-40.524953,-20.098231]}]}