{"z":14,"x":6324,"y":9168,"features":[{"k":"c","i":"c-14-25299-36675","x":-41.024374,"y":-20.978599,"p":2,"b":[-41.024499,-20.978704,-41.024248,-20.978495],"h":[[8,1],[18,1]]}]}