{"z":14,"x":6299,"y":9158,"features":[{"k":"c","i":"c-14-25196-36633","x":-41.592101,"y":-20.76475,"p":2,"b":[-41.592197,-20.764757,-41.592005,-20.764743],"h":[[11,1],[33,1]]}]}