{"z":14,"x":6384,"y":9045,"features":[{"k":"c","i":"c-14-25539-36180","x":-39.709678,"y":-18.420233,"p":2,"b":[-39.709882,-18.420274,-39.709475,-18.420191],"h":[[0,1],[11,1]]}]}