{"z":10,"x":396,"y":568,"features":[{"k":"c","i":"c-10-1585-2274","x":-40.637176,"y":-19.529896,"p":15,"b":[-40.660027,-19.545154,-40.623742,-19.514476],"h":[[0,1],[1,1],[8,1],[11,1],[13,1],[16,1],[18,1],[25,1],[26,1],[31,1],[33,1],[34,1],[47,1],[50,1],[258,1]]},{"k":"c","i":"c-10-1586-2273","x":-40.541093,"y":-19.410126,"p":2,"b":[-40.541194,-19.410802,-40.540991,-19.409449],"h":[[0,1],[15,1]]},{"k":"s","i":"escola-privada-32010400","x":-40.708368,"y":-19.525562,"n":"ESCOLA ADVENTISTA DO ESPIRITO SANTO","t":21,"d":"colatina"}]}