{"z":10,"x":396,"y":572,"features":[{"k":"c","i":"c-10-1584-2290","x":-40.729355,"y":-20.839978,"p":2,"b":[-40.735737,-20.841062,-40.722972,-20.838893],"h":[[0,1],[17,1]]},{"k":"c","i":"c-10-1585-2290","x":-40.653246,"y":-20.807716,"p":5,"b":[-40.68464,-20.821333,-40.641316,-20.800969],"h":[[0,1],[4,2],[7,1],[25,1]]},{"k":"c","i":"c-10-1587-2288","x":-40.501787,"y":-20.659881,"p":22,"b":[-40.517103,-20.672751,-40.480217,-20.636343],"h":[[0,2],[1,1],[6,1],[11,2],[12,3],[14,1],[16,2],[18,1],[19,1],[21,1],[22,1],[23,1],[27,2],[31,1],[53,1],[81,1]]},{"k":"s","i":"escola-privada-32042060","x":-40.74847,"y":-20.63506,"n":"CAEE BEIJINHO DOCE- PESTALOZZI","t":0,"d":"alfredo-chaves"}]}