{"z":14,"x":6369,"y":9058,"features":[{"k":"c","i":"c-14-25476-36235","x":-40.05605,"y":-18.707403,"p":4,"b":[-40.05605,-18.707403,-40.05605,-18.707403]}]}