{"z":14,"x":6361,"y":9130,"features":[{"k":"c","i":"c-14-25444-36522","x":-40.22796,"y":-20.192287,"p":2,"b":[-40.228859,-20.192832,-40.227062,-20.191741],"h":[[24,1],[59,1]]},{"k":"c","i":"c-14-25447-36520","x":-40.211326,"y":-20.181585,"p":2,"b":[-40.211767,-20.183252,-40.210884,-20.179918],"h":[[29,1],[49,1]]}]}