{"z":13,"x":3183,"y":4549,"features":[{"k":"c","i":"c-13-12734-18198","x":-40.089466,"y":-19.540453,"p":2,"b":[-40.089774,-19.541359,-40.089158,-19.539548]}]}