{"z":12,"x":1591,"y":2269,"features":[{"k":"c","i":"c-12-6365-9077","x":-40.140043,"y":-19.088453,"p":3,"b":[-40.14239,-19.089034,-40.138808,-19.087683],"h":[[0,1],[3,1],[31,1]]}]}