{"z":12,"x":1591,"y":2274,"features":[{"k":"c","i":"c-12-6367-9099","x":-40.089466,"y":-19.540453,"p":2,"b":[-40.089774,-19.541359,-40.089158,-19.539548],"h":[[0,2]]}]}