{"z":13,"x":3162,"y":4548,"features":[{"k":"c","i":"c-13-12649-18194","x":-41.02951,"y":-19.505639,"p":3,"b":[-41.032112,-19.507353,-41.025213,-19.504221],"h":[[10,2],[15,1]]},{"k":"c","i":"c-13-12649-18195","x":-41.027806,"y":-19.508246,"p":2,"b":[-41.028087,-19.508266,-41.027525,-19.508227],"h":[[19,1],[28,1]]},{"k":"c","i":"c-13-12650-18195","x":-41.015987,"y":-19.512044,"p":7,"b":[-41.022162,-19.515762,-41.013245,-19.508265],"h":[[2,1],[3,1],[9,1],[17,1],[20,2],[25,1]]},{"k":"c","i":"c-13-12651-18195","x":-41.004553,"y":-19.51522,"p":3,"b":[-41.008548,-19.515412,-41.002468,-19.515114],"h":[[11,1],[15,1],[20,1]]}]}