{"z":13,"x":3162,"y":4553,"features":[{"k":"c","i":"c-13-12650-18212","x":-41.018727,"y":-19.690331,"p":2,"b":[-41.019455,-19.690631,-41.017998,-19.690032]}]}