{"z":13,"x":3162,"y":4587,"features":[{"k":"c","i":"c-13-12648-18349","x":-41.04456,"y":-21.100657,"p":2,"b":[-41.044795,-21.101708,-41.044325,-21.099606]}]}