{"z":14,"x":6355,"y":9030,"features":[{"k":"c","i":"c-14-25420-36123","x":-40.363193,"y":-18.123516,"p":2,"b":[-40.363384,-18.123684,-40.363003,-18.123348]}]}