{"z":14,"x":6355,"y":9031,"features":[{"k":"c","i":"c-14-25421-36124","x":-40.35623,"y":-18.127435,"p":4,"b":[-40.356884,-18.129459,-40.354687,-18.125946]}]}