{"z":14,"x":6355,"y":9078,"features":[{"k":"c","i":"c-14-25420-36315","x":-40.362386,"y":-19.122659,"p":2,"b":[-40.363047,-19.123853,-40.361726,-19.121466],"h":[[19,1],[29,1]]}]}