{"z":14,"x":6355,"y":9097,"features":[{"k":"c","i":"c-14-25421-36390","x":-40.356456,"y":-19.508286,"p":3,"b":[-40.356512,-19.508758,-40.356399,-19.508025],"h":[[2,2],[3,1]]}]}