{"z":14,"x":6355,"y":9112,"features":[{"k":"c","i":"c-14-25420-36451","x":-40.362124,"y":-19.825528,"p":2,"b":[-40.362632,-19.827337,-40.361616,-19.82372],"h":[[11,1],[14,1]]}]}