{"z":13,"x":3170,"y":4554,"features":[{"k":"c","i":"c-13-12683-18218","x":-40.65595,"y":-19.750386,"p":2,"b":[-40.657263,-19.751315,-40.654638,-19.749456],"h":[[4,1],[36,1]]}]}