{"z":13,"x":3170,"y":4569,"features":[{"k":"c","i":"c-13-12682-18278","x":-40.662865,"y":-20.367978,"p":2,"b":[-40.662881,-20.368212,-40.66285,-20.367745]}]}