{"z":14,"x":6352,"y":9121,"features":[{"k":"c","i":"c-14-25411-36486","x":-40.411345,"y":-20.004521,"p":2,"b":[-40.411442,-20.004688,-40.411247,-20.004353],"h":[[14,1],[16,1]]}]}