{"z":14,"x":6352,"y":9136,"features":[{"k":"c","i":"c-14-25408-36547","x":-40.428556,"y":-20.323814,"p":2,"b":[-40.42891,-20.324001,-40.428201,-20.323626]}]}