{"z":14,"x":6352,"y":9148,"features":[{"k":"c","i":"c-14-25410-36592","x":-40.414365,"y":-20.553334,"p":2,"b":[-40.414857,-20.553473,-40.413873,-20.553195],"h":[[24,1],[31,1]]}]}