{"z":13,"x":3166,"y":4521,"features":[{"k":"c","i":"c-13-12667-18085","x":-40.831936,"y":-18.371105,"p":5,"b":[-40.834609,-18.373546,-40.829772,-18.369001]}]}