{"z":13,"x":3166,"y":4541,"features":[{"k":"c","i":"c-13-12665-18167","x":-40.85357,"y":-19.221421,"p":2,"b":[-40.853584,-19.221451,-40.853556,-19.22139]}]}