{"z":13,"x":3157,"y":4568,"features":[{"k":"c","i":"c-13-12631-18273","x":-41.223449,"y":-20.318214,"p":2,"b":[-41.223453,-20.318222,-41.223446,-20.318205]}]}