{"z":12,"x":1588,"y":2257,"features":[{"k":"c","i":"c-12-6354-9031","x":-40.366024,"y":-18.126688,"p":2,"b":[-40.366049,-18.126722,-40.365999,-18.126654],"h":[[2,1],[37,1]]},{"k":"c","i":"c-12-6355-9031","x":-40.362744,"y":-18.126783,"p":2,"b":[-40.363702,-18.127019,-40.361787,-18.126546],"h":[[0,1],[32,1]]}]}