{"z":12,"x":1588,"y":2277,"features":[{"k":"c","i":"c-12-6354-9109","x":-40.382222,"y":-19.756957,"p":5,"b":[-40.385199,-19.762637,-40.380054,-19.751175],"h":[[0,2],[2,1],[31,1],[37,1]]}]}