{"z":12,"x":1588,"y":2278,"features":[{"k":"c","i":"c-12-6354-9113","x":-40.36641,"y":-19.830771,"p":3,"b":[-40.366784,-19.831143,-40.366092,-19.830106]}]}