{"z":12,"x":1588,"y":2279,"features":[{"k":"c","i":"c-12-6353-9118","x":-40.403721,"y":-19.937126,"p":2,"b":[-40.403798,-19.937234,-40.403644,-19.937017],"h":[[3,1],[31,1]]}]}