{"z":13,"x":3170,"y":4549,"features":[{"k":"c","i":"c-13-12682-18196","x":-40.665655,"y":-19.525341,"p":3,"b":[-40.668511,-19.528062,-40.662921,-19.52376],"h":[[15,1],[16,1],[29,1]]},{"k":"c","i":"c-13-12683-18196","x":-40.656274,"y":-19.520818,"p":2,"b":[-40.65778,-19.521265,-40.654768,-19.52037],"h":[[25,1],[26,1]]},{"k":"s","i":"escolas_municipais_es_32010435","x":-40.66848,"y":-19.54376,"n":"ESCOLA PLURIDOCENTE MUNICIPAL ROTARY CLUB","t":8,"d":"colatina"}]}