{"z":13,"x":3170,"y":4556,"features":[{"k":"c","i":"c-13-12683-18225","x":-40.653479,"y":-19.824482,"p":2,"b":[-40.65439,-19.82555,-40.652568,-19.823414]}]}