{"z":13,"x":3170,"y":4577,"features":[{"k":"c","i":"c-13-12681-18310","x":-40.677409,"y":-20.696426,"p":2,"b":[-40.677443,-20.696478,-40.677376,-20.696373]}]}