{"z":13,"x":3148,"y":4569,"features":[{"k":"c","i":"c-13-12593-18276","x":-41.64119,"y":-20.346012,"p":2,"b":[-41.64123,-20.346028,-41.641151,-20.345996],"h":[[2,1],[47,1]]}]}