{"z":11,"x":786,"y":1145,"features":[{"k":"c","i":"c-11-3147-4583","x":-41.688804,"y":-20.944735,"p":2,"b":[-41.689962,-20.945615,-41.687646,-20.943855]}]}