{"z":11,"x":786,"y":1146,"features":[{"k":"c","i":"c-11-3147-4587","x":-41.670618,"y":-21.124551,"p":3,"b":[-41.672733,-21.12523,-41.66676,-21.123822]}]}