{"z":11,"x":786,"y":1147,"features":[{"k":"c","i":"c-11-3147-4588","x":-41.672424,"y":-21.12806,"p":2,"b":[-41.67442,-21.12982,-41.670428,-21.126301],"h":[[13,1],[16,1]]}]}