{"z":14,"x":6370,"y":9049,"features":[{"k":"c","i":"c-14-25483-36197","x":-40.016643,"y":-18.507893,"p":2,"b":[-40.017547,-18.508004,-40.015739,-18.507782],"h":[[7,1],[12,1]]}]}