{"z":14,"x":6370,"y":9092,"features":[{"k":"c","i":"c-14-25482-36371","x":-40.018717,"y":-19.413957,"p":3,"b":[-40.019106,-19.413967,-40.018522,-19.413951],"h":[[25,1],[28,1],[29,1]]}]}