{"z":12,"x":1594,"y":2264,"features":[{"k":"c","i":"c-12-6377-9059","x":-39.869505,"y":-18.718886,"p":2,"b":[-39.877833,-18.719618,-39.861177,-18.718155],"h":[[11,1],[32,1]]},{"k":"c","i":"c-12-6378-9059","x":-39.846231,"y":-18.720727,"p":14,"b":[-39.853956,-18.726578,-39.837991,-18.715238],"h":[[0,1],[2,1],[4,2],[5,1],[8,1],[10,1],[13,1],[29,2],[40,1],[43,1],[63,1],[124,1]]},{"k":"s","i":"escola-privada-32070594","x":-39.833731,"y":-18.718465,"n":"ESCOLA MASTER","t":58,"d":"sao-mateus"}]}