{"z":12,"x":1595,"y":2265,"features":[{"k":"c","i":"c-12-6382-9060","x":-39.753681,"y":-18.739063,"p":4,"b":[-39.759766,-18.745086,-39.750904,-18.730092],"h":[[1,1],[6,1],[7,1],[16,1]]}]}