{"z":12,"x":1583,"y":2260,"features":[{"k":"c","i":"c-12-6333-9042","x":-40.832729,"y":-18.373419,"p":2,"b":[-40.836429,-18.374921,-40.829029,-18.371918],"h":[[0,1],[16,1]]}]}