{"z":12,"x":1589,"y":2258,"features":[{"k":"c","i":"c-12-6359-9034","x":-40.265011,"y":-18.198508,"p":3,"b":[-40.265262,-18.20074,-40.264546,-18.197235],"h":[[11,1],[12,1],[15,1]]}]}