{"z":12,"x":1589,"y":2266,"features":[{"k":"c","i":"c-12-6356-9065","x":-40.34003,"y":-18.849278,"p":2,"b":[-40.340065,-18.849299,-40.339994,-18.849258],"h":[[8,1],[15,1]]}]}