{"z":12,"x":1589,"y":2268,"features":[{"k":"c","i":"c-12-6358-9075","x":-40.295223,"y":-19.050015,"p":2,"b":[-40.295234,-19.050271,-40.295212,-19.049759],"h":[[7,1],[8,1]]},{"k":"c","i":"c-12-6359-9072","x":-40.273196,"y":-18.993435,"p":2,"b":[-40.273216,-18.993491,-40.273176,-18.993378],"h":[[8,1],[12,1]]}]}