{"z":12,"x":1589,"y":2277,"features":[{"k":"c","i":"c-12-6359-9111","x":-40.274314,"y":-19.801855,"p":2,"b":[-40.27475,-19.803726,-40.273878,-19.799983],"h":[[18,1],[41,1]]}]}