{"z":12,"x":1589,"y":2278,"features":[{"k":"c","i":"c-12-6358-9112","x":-40.278128,"y":-19.818514,"p":4,"b":[-40.280005,-19.828124,-40.276204,-19.80918],"h":[[10,2],[12,1],[24,1]]},{"k":"c","i":"c-12-6358-9113","x":-40.280665,"y":-19.830289,"p":4,"b":[-40.28383,-19.83098,-40.278935,-19.829482],"h":[[12,2],[18,1],[36,1]]},{"k":"c","i":"c-12-6359-9112","x":-40.270146,"y":-19.818953,"p":7,"b":[-40.273087,-19.826905,-40.26021,-19.81001],"h":[[9,1],[10,1],[13,1],[16,1],[23,1],[36,1],[45,1]]},{"k":"c","i":"c-12-6359-9113","x":-40.267185,"y":-19.833187,"p":7,"b":[-40.273742,-19.837259,-40.256223,-19.829179],"h":[[16,1],[18,1],[19,1],[21,2],[26,1],[35,1]]}]}