{"z":13,"x":3178,"y":4525,"features":[{"k":"c","i":"c-13-12715-18101","x":-40.298416,"y":-18.540972,"p":2,"b":[-40.29844,-18.54102,-40.298391,-18.540924],"h":[[1,1],[54,1]]}]}