{"z":13,"x":3178,"y":4563,"features":[{"k":"c","i":"c-13-12715-18254","x":-40.306124,"y":-20.123116,"p":4,"b":[-40.307992,-20.126117,-40.301383,-20.119258]},{"k":"c","i":"c-13-12715-18255","x":-40.308422,"y":-20.130807,"p":2,"b":[-40.308525,-20.130839,-40.308318,-20.130774]}]}