{"z":13,"x":3178,"y":4567,"features":[{"k":"c","i":"c-13-12712-18269","x":-40.336655,"y":-20.278858,"p":3,"b":[-40.339141,-20.282774,-40.335397,-20.276586],"h":[[3,1],[30,1],[59,1]]},{"k":"c","i":"c-13-12714-18271","x":-40.313543,"y":-20.296078,"p":2,"b":[-40.316107,-20.296898,-40.310979,-20.295259],"h":[[29,1],[49,1]]},{"k":"c","i":"c-13-12715-18268","x":-40.299517,"y":-20.26697,"p":2,"b":[-40.2996,-20.266994,-40.299434,-20.266945],"h":[[1,1],[87,1]]}]}