{"z":12,"x":1573,"y":2285,"features":[{"k":"c","i":"c-12-6293-9141","x":-41.705298,"y":-20.423466,"p":2,"b":[-41.705469,-20.423988,-41.705126,-20.422943],"h":[[2,1],[7,1]]},{"k":"c","i":"c-12-6295-9142","x":-41.676765,"y":-20.431593,"p":2,"b":[-41.677142,-20.43165,-41.676387,-20.431537],"h":[[3,1],[21,1]]},{"k":"s","i":"escolas_municipais_es_32049170","x":-41.697955,"y":-20.398697,"n":"EMEF URBANO RODRIGUES DA FONSECA","t":3,"d":"iuna"}]}