{"z":12,"x":1573,"y":2291,"features":[{"k":"c","i":"c-12-6294-9167","x":-41.688804,"y":-20.944735,"p":2,"b":[-41.689962,-20.945615,-41.687646,-20.943855],"h":[[4,1],[12,1]]}]}