{"z":12,"x":1573,"y":2293,"features":[{"k":"c","i":"c-12-6295-9175","x":-41.670618,"y":-21.124551,"p":3,"b":[-41.672733,-21.12523,-41.66676,-21.123822],"h":[[2,1],[15,1],[24,1]]}]}