{"z":12,"x":1573,"y":2294,"features":[{"k":"c","i":"c-12-6295-9176","x":-41.672424,"y":-21.12806,"p":2,"b":[-41.67442,-21.12982,-41.670428,-21.126301],"h":[[13,1],[16,1]]}]}