{"z":12,"x":1584,"y":2268,"features":[{"k":"c","i":"c-12-6337-9072","x":-40.739824,"y":-18.987318,"p":2,"b":[-40.741493,-18.989544,-40.738154,-18.985092],"h":[[24,1],[34,1]]}]}