{"z":12,"x":1584,"y":2269,"features":[{"k":"c","i":"c-12-6338-9078","x":-40.723527,"y":-19.104398,"p":2,"b":[-40.723637,-19.104701,-40.723417,-19.104094]}]}