{"z":12,"x":1584,"y":2270,"features":[{"k":"c","i":"c-12-6336-9080","x":-40.772582,"y":-19.163104,"p":2,"b":[-40.773128,-19.165597,-40.772036,-19.160611],"h":[[10,1],[23,1]]}]}