{"z":12,"x":1575,"y":2294,"features":[{"k":"c","i":"c-12-6300-9177","x":-41.567359,"y":-21.15509,"p":3,"b":[-41.569333,-21.158846,-41.565037,-21.152037]}]}