{"z":13,"x":3179,"y":4556,"features":[{"k":"c","i":"c-13-12717-18225","x":-40.282867,"y":-19.821993,"p":2,"b":[-40.282946,-19.822111,-40.282789,-19.821874],"h":[[5,1],[57,1]]},{"k":"c","i":"c-13-12718-18225","x":-40.274488,"y":-19.820423,"p":2,"b":[-40.27461,-19.820705,-40.274367,-19.82014],"h":[[4,1],[76,1]]}]}