{"z":13,"x":3179,"y":4563,"features":[{"k":"c","i":"c-13-12717-18255","x":-40.28492,"y":-20.134099,"p":2,"b":[-40.286793,-20.13456,-40.283048,-20.133639],"h":[[40,1],[59,1]]}]}