{"z":13,"x":3179,"y":4568,"features":[{"k":"c","i":"c-13-12716-18272","x":-40.294708,"y":-20.309978,"p":2,"b":[-40.294733,-20.310458,-40.294683,-20.309497],"h":[[0,1],[66,1]]},{"k":"c","i":"c-13-12716-18274","x":-40.29268,"y":-20.329728,"p":2,"b":[-40.292725,-20.329793,-40.292636,-20.329663],"h":[[5,1],[51,1]]},{"k":"s","i":"escolas_estaduais_es_32038569","x":-40.292869,"y":-20.336844,"n":"CEET VASCO COUTINHO","t":93,"d":"vila-velha"}]}