{"z":14,"x":6320,"y":9066,"features":[{"k":"c","i":"c-14-25281-36266","x":-41.125019,"y":-18.865002,"p":2,"b":[-41.125128,-18.865017,-41.12491,-18.864987]},{"k":"c","i":"c-14-25282-36265","x":-41.120114,"y":-18.860614,"p":3,"b":[-41.121213,-18.861705,-41.119517,-18.859976]}]}