{"z":14,"x":6363,"y":9030,"features":[{"k":"c","i":"c-14-25454-36120","x":-40.173527,"y":-18.106159,"p":2,"b":[-40.174171,-18.107117,-40.172884,-18.105202]}]}