{"z":14,"x":6363,"y":9066,"features":[{"k":"c","i":"c-14-25453-36265","x":-40.179055,"y":-18.862025,"p":2,"b":[-40.179677,-18.863234,-40.178434,-18.860815]}]}