{"z":14,"x":6363,"y":9068,"features":[{"k":"c","i":"c-14-25454-36274","x":-40.171901,"y":-18.907193,"p":2,"b":[-40.172073,-18.907682,-40.171729,-18.906704]}]}