{"z":12,"x":1586,"y":2273,"features":[{"k":"c","i":"c-12-6346-9092","x":-40.543044,"y":-19.410351,"p":3,"b":[-40.543951,-19.41078,-40.541409,-19.41011]}]}