{"z":12,"x":1586,"y":2274,"features":[{"k":"c","i":"c-12-6344-9096","x":-40.600162,"y":-19.48556,"p":2,"b":[-40.602445,-19.493253,-40.59788,-19.477868]}]}