{"z":12,"x":1586,"y":2287,"features":[{"k":"c","i":"c-12-6347-9151","x":-40.526975,"y":-20.625941,"p":2,"b":[-40.527606,-20.626267,-40.526344,-20.625615],"h":[[0,2]]}]}