{"z":11,"x":787,"y":1145,"features":[{"k":"c","i":"c-11-3148-4583","x":-41.621815,"y":-20.946769,"p":2,"b":[-41.621847,-20.94678,-41.621782,-20.946759],"h":[[5,1],[15,1]]},{"k":"c","i":"c-11-3150-4581","x":-41.552147,"y":-20.871599,"p":2,"b":[-41.572035,-20.872224,-41.532259,-20.870975],"h":[[6,1],[9,1]]},{"k":"s","i":"escolas_municipais_es_32056400","x":-41.550715,"y":-20.95289,"n":"EMEB ALTO PONTOES","t":1,"d":"mimoso-do-sul"}]}