{"z":11,"x":787,"y":1147,"features":[{"k":"c","i":"c-11-3150-4588","x":-41.567359,"y":-21.15509,"p":3,"b":[-41.569333,-21.158846,-41.565037,-21.152037]}]}