{"z":14,"x":6298,"y":9170,"features":[{"k":"c","i":"c-14-25193-36680","x":-41.607474,"y":-21.004748,"p":2,"b":[-41.60774,-21.005363,-41.607207,-21.004134],"h":[[3,1],[6,1]]}]}