{"z":10,"x":398,"y":564,"features":[{"k":"c","i":"c-10-1593-2259","x":-39.945452,"y":-18.306376,"p":2,"b":[-39.955573,-18.307406,-39.935331,-18.305346],"h":[[0,1],[6,1]]}]}