{"z":10,"x":398,"y":566,"features":[{"k":"c","i":"c-10-1592-2267","x":-40.065871,"y":-18.907856,"p":3,"b":[-40.074663,-18.909336,-40.055231,-18.905185],"h":[[0,1],[11,1],[21,1]]},{"k":"c","i":"c-10-1594-2264","x":-39.848234,"y":-18.720377,"p":17,"b":[-39.877833,-18.726578,-39.833731,-18.715238],"h":[[0,1],[2,1],[4,2],[5,1],[8,1],[10,1],[11,1],[13,1],[29,2],[32,1],[40,1],[43,1],[58,1],[63,1],[124,1]]},{"k":"c","i":"c-10-1595-2265","x":-39.753681,"y":-18.739063,"p":4,"b":[-39.759766,-18.745086,-39.750904,-18.730092],"h":[[1,1],[6,1],[7,1],[16,1]]},{"k":"s","i":"escola-privada-32084030","x":-39.862385,"y":-18.741039,"n":"SEST SENAT - C 123 SAO MATEUS","t":2,"d":"sao-mateus"}]}