{"z":10,"x":398,"y":568,"features":[{"k":"c","i":"c-10-1592-2272","x":-40.071359,"y":-19.381579,"p":5,"b":[-40.074069,-19.393989,-40.068658,-19.36393],"h":[[0,1],[13,1],[21,1],[22,1],[36,1]]},{"k":"c","i":"c-10-1592-2273","x":-40.064194,"y":-19.400611,"p":11,"b":[-40.069668,-19.407215,-40.057691,-19.394289],"h":[[6,1],[13,1],[15,1],[20,1],[22,1],[25,1],[29,1],[32,1],[45,1],[46,1],[120,1]]}]}