{"z":14,"x":6329,"y":9144,"features":[{"k":"c","i":"c-14-25318-36576","x":-40.919168,"y":-20.472353,"p":2,"b":[-40.919208,-20.472378,-40.919128,-20.472328],"h":[[3,1],[10,1]]}]}