{"z":14,"x":6329,"y":9179,"features":[{"k":"c","i":"c-14-25316-36716","x":-40.93116,"y":-21.189103,"p":2,"b":[-40.932436,-21.189451,-40.929885,-21.188756],"h":[[13,1],[34,1]]}]}