{"z":14,"x":6356,"y":9065,"features":[{"k":"c","i":"c-14-25424-36263","x":-40.34003,"y":-18.849278,"p":2,"b":[-40.340065,-18.849299,-40.339994,-18.849258],"h":[[8,1],[15,1]]}]}