{"z":14,"x":6356,"y":9126,"features":[{"k":"c","i":"c-14-25427-36506","x":-40.323025,"y":-20.111117,"p":2,"b":[-40.323071,-20.111202,-40.32298,-20.111032]}]}