{"z":14,"x":6364,"y":9059,"features":[{"k":"c","i":"c-14-25456-36237","x":-40.161627,"y":-18.717365,"p":2,"b":[-40.161993,-18.717575,-40.161261,-18.717155]}]}