{"z":14,"x":6364,"y":9084,"features":[{"k":"c","i":"c-14-25459-36336","x":-40.145632,"y":-19.232963,"p":2,"b":[-40.145943,-19.233153,-40.145321,-19.232772],"h":[[10,1],[12,1]]}]}