{"z":14,"x":6364,"y":9098,"features":[{"k":"c","i":"c-14-25459-36392","x":-40.14838,"y":-19.521288,"p":2,"b":[-40.148573,-19.521538,-40.148188,-19.521037]}]}