{"z":13,"x":3172,"y":4539,"features":[{"k":"c","i":"c-13-12691-18157","x":-40.564328,"y":-19.121091,"p":2,"b":[-40.564822,-19.121386,-40.563834,-19.120796],"h":[[1,1],[8,1]]}]}