{"z":13,"x":3172,"y":4549,"features":[{"k":"c","i":"c-13-12690-18196","x":-40.576742,"y":-19.521227,"p":2,"b":[-40.576742,-19.521227,-40.576742,-19.521227]}]}