{"z":13,"x":3172,"y":4579,"features":[{"k":"c","i":"c-13-12688-18319","x":-40.602725,"y":-20.795086,"p":2,"b":[-40.603021,-20.795177,-40.60243,-20.794995],"h":[[8,1],[21,1]]},{"k":"c","i":"c-13-12690-18316","x":-40.575299,"y":-20.764199,"p":2,"b":[-40.575303,-20.764385,-40.575295,-20.764013],"h":[[21,1],[23,1]]}]}