{"z":14,"x":6353,"y":9059,"features":[{"k":"c","i":"c-14-25413-36236","x":-40.399076,"y":-18.711129,"p":7,"b":[-40.399522,-18.713146,-40.398408,-18.709982]}]}