{"z":14,"x":6368,"y":9057,"features":[{"k":"c","i":"c-14-25474-36229","x":-40.064213,"y":-18.675445,"p":2,"b":[-40.06422,-18.675463,-40.064205,-18.675426],"h":[[3,1],[4,1]]}]}