{"z":14,"x":6368,"y":9069,"features":[{"k":"c","i":"c-14-25472-36276","x":-40.075452,"y":-18.921321,"p":2,"b":[-40.07591,-18.921436,-40.074995,-18.921206]}]}