{"z":14,"x":6352,"y":9138,"features":[{"k":"c","i":"c-14-25408-36552","x":-40.425276,"y":-20.347669,"p":2,"b":[-40.425467,-20.348068,-40.425086,-20.34727],"h":[[0,1],[13,1]]}]}