{"z":13,"x":3171,"y":4559,"features":[{"k":"c","i":"c-13-12687-18236","x":-40.609213,"y":-19.939862,"p":2,"b":[-40.609226,-19.939952,-40.6092,-19.939771]}]}