{"z":13,"x":3171,"y":4574,"features":[{"k":"c","i":"c-13-12684-18299","x":-40.645335,"y":-20.585746,"p":2,"b":[-40.646413,-20.58905,-40.644257,-20.582442]}]}