{"z":12,"x":1587,"y":2288,"features":[{"k":"c","i":"c-12-6348-9152","x":-40.50638,"y":-20.64473,"p":2,"b":[-40.517103,-20.653117,-40.495658,-20.636343],"h":[[31,1],[53,1]]},{"k":"c","i":"c-12-6348-9153","x":-40.50442,"y":-20.664138,"p":17,"b":[-40.511106,-20.672751,-40.501163,-20.656958],"h":[[0,1],[1,1],[6,1],[11,1],[12,3],[14,1],[16,1],[18,1],[19,1],[21,1],[22,1],[23,1],[27,2],[81,1]]},{"k":"c","i":"c-12-6349-9152","x":-40.483804,"y":-20.645855,"p":3,"b":[-40.486735,-20.65106,-40.480217,-20.642188],"h":[[0,1],[11,1],[16,1]]}]}