{"z":12,"x":1596,"y":2261,"features":[{"k":"c","i":"c-12-6384-9045","x":-39.709678,"y":-18.420233,"p":2,"b":[-39.709882,-18.420274,-39.709475,-18.420191],"h":[[0,1],[11,1]]}]}