{"z":12,"x":1588,"y":2257,"features":[{"k":"c","i":"c-12-6354-9031","x":-40.371704,"y":-18.129988,"p":3,"b":[-40.373019,-18.131823,-40.370032,-18.127645]},{"k":"c","i":"c-12-6355-9030","x":-40.363193,"y":-18.123516,"p":2,"b":[-40.363384,-18.123684,-40.363003,-18.123348]},{"k":"c","i":"c-12-6355-9031","x":-40.35623,"y":-18.127435,"p":4,"b":[-40.356884,-18.129459,-40.354687,-18.125946]}]}