{"z":12,"x":1588,"y":2278,"features":[{"k":"c","i":"c-12-6353-9114","x":-40.394915,"y":-19.864433,"p":3,"b":[-40.405531,-19.867706,-40.389542,-19.862768],"h":[[5,1],[6,1],[7,1]]},{"k":"c","i":"c-12-6354-9112","x":-40.37127,"y":-19.821027,"p":2,"b":[-40.372025,-19.821556,-40.370516,-19.820499],"h":[[7,1],[12,1]]},{"k":"c","i":"c-12-6354-9113","x":-40.36809,"y":-19.832575,"p":3,"b":[-40.369914,-19.833599,-40.366827,-19.830561],"h":[[6,1],[13,1],[19,1]]},{"k":"c","i":"c-12-6355-9112","x":-40.362124,"y":-19.825528,"p":2,"b":[-40.362632,-19.827337,-40.361616,-19.82372],"h":[[11,1],[14,1]]}]}