{"z":12,"x":1588,"y":2280,"features":[{"k":"c","i":"c-12-6352-9121","x":-40.411345,"y":-20.004521,"p":2,"b":[-40.411442,-20.004688,-40.411247,-20.004353],"h":[[14,1],[16,1]]}]}