{"z":12,"x":1588,"y":2287,"features":[{"k":"c","i":"c-12-6352-9148","x":-40.414365,"y":-20.553334,"p":2,"b":[-40.414857,-20.553473,-40.413873,-20.553195]}]}