{"z":14,"x":6380,"y":9100,"features":[{"k":"c","i":"c-14-25523-36403","x":-39.793526,"y":-19.578224,"p":2,"b":[-39.79381,-19.578381,-39.793243,-19.578067],"h":[[10,1],[19,1]]}]}