{"z":13,"x":3180,"y":4522,"features":[{"k":"c","i":"c-13-12723-18089","x":-40.211954,"y":-18.410536,"p":2,"b":[-40.211988,-18.410634,-40.211919,-18.410439],"h":[[3,1],[48,1]]}]}