{"z":13,"x":3180,"y":4563,"features":[{"k":"c","i":"c-13-12720-18255","x":-40.250643,"y":-20.136809,"p":2,"b":[-40.253068,-20.137792,-40.248218,-20.135827]}]}