{"z":10,"x":394,"y":571,"features":[{"k":"c","i":"c-10-1579-2284","x":-41.135254,"y":-20.32958,"p":2,"b":[-41.136526,-20.338118,-41.133982,-20.321041],"h":[[30,1],[37,1]]},{"k":"c","i":"c-10-1579-2287","x":-41.205315,"y":-20.604861,"p":4,"b":[-41.209391,-20.609876,-41.201418,-20.601577],"h":[[9,1],[24,2],[43,1]]},{"k":"s","i":"escola-privada-32049455","x":-41.41256,"y":-20.465808,"n":"CAEE NASIRA DEPS ALMEIDA - APAE","t":0,"d":"muniz-freire"}]}