{"z":10,"x":394,"y":573,"features":[{"k":"c","i":"c-10-1577-2293","x":-41.350083,"y":-21.05357,"p":2,"b":[-41.371797,-21.061779,-41.328369,-21.04536],"h":[[0,1],[13,1]]}]}