{"z":13,"x":3159,"y":4584,"features":[{"k":"c","i":"c-13-12636-18337","x":-41.175535,"y":-20.974048,"p":2,"b":[-41.175879,-20.974763,-41.17519,-20.973333],"h":[[5,1],[11,1]]}]}