{"z":13,"x":3159,"y":4586,"features":[{"k":"c","i":"c-13-12639-18344","x":-41.14121,"y":-21.052404,"p":2,"b":[-41.142201,-21.052625,-41.140219,-21.052183]}]}