{"z":11,"x":793,"y":1137,"features":[{"k":"c","i":"c-11-3172-4548","x":-40.600162,"y":-19.48556,"p":2,"b":[-40.602445,-19.493253,-40.59788,-19.477868],"h":[[0,1],[37,1]]}]}