{"z":13,"x":3176,"y":4568,"features":[{"k":"c","i":"c-13-12707-18274","x":-40.395412,"y":-20.329593,"p":2,"b":[-40.395483,-20.331733,-40.395341,-20.327454],"h":[[21,1],[27,1]]},{"k":"c","i":"c-13-12707-18275","x":-40.391041,"y":-20.339891,"p":8,"b":[-40.393774,-20.344052,-40.388764,-20.337393],"h":[[2,1],[4,1],[5,1],[12,1],[16,1],[22,1],[38,1],[54,1]]},{"k":"s","i":"escola-privada-32034377","x":-40.387384,"y":-20.309858,"n":"COLEGIO CASTRO ALVES","t":43,"d":"cariacica"}]}