{"z":12,"x":1583,"y":2260,"features":[{"k":"c","i":"c-12-6333-9042","x":-40.831936,"y":-18.371105,"p":5,"b":[-40.834609,-18.373546,-40.829772,-18.369001],"h":[[0,1],[1,1],[21,1],[39,1],[51,1]]}]}