{"z":12,"x":1583,"y":2289,"features":[{"k":"c","i":"c-12-6334-9159","x":-40.81382,"y":-20.791909,"p":2,"b":[-40.815933,-20.794288,-40.811707,-20.78953]}]}