{"z":14,"x":6360,"y":9116,"features":[{"k":"c","i":"c-14-25443-36466","x":-40.233067,"y":-19.903172,"p":2,"b":[-40.233152,-19.903264,-40.232982,-19.90308]}]}