{"z":14,"x":6359,"y":9129,"features":[{"k":"c","i":"c-14-25439-36518","x":-40.256012,"y":-20.172597,"p":2,"b":[-40.256131,-20.172689,-40.255893,-20.172504],"h":[[12,1],[37,1]]}]}