{"z":14,"x":6359,"y":9130,"features":[{"k":"c","i":"c-14-25438-36522","x":-40.261706,"y":-20.19238,"p":2,"b":[-40.261921,-20.192444,-40.261492,-20.192316],"h":[[42,1],[249,1]]},{"k":"c","i":"c-14-25439-36523","x":-40.256727,"y":-20.1981,"p":4,"b":[-40.258637,-20.200001,-40.254088,-20.195654],"h":[[3,1],[11,1],[19,1],[58,1]]},{"k":"s","i":"escola-privada-32035896","x":-40.26097,"y":-20.199253,"n":"CENTRO EDUCACIONAL DINAMICO LTDA ME","t":11,"d":"serra"}]}