{"z":14,"x":6359,"y":9132,"features":[{"k":"c","i":"c-14-25436-36530","x":-40.271127,"y":-20.231617,"p":2,"b":[-40.271185,-20.231672,-40.271068,-20.231562],"h":[[5,1],[11,1]]}]}