{"z":14,"x":6359,"y":9137,"features":[{"k":"c","i":"c-14-25436-36549","x":-40.27506,"y":-20.329645,"p":2,"b":[-40.275093,-20.329896,-40.275028,-20.329394],"h":[[18,1],[35,1]]}]}