{"z":14,"x":6363,"y":9128,"features":[{"k":"c","i":"c-14-25452-36515","x":-40.186804,"y":-20.158747,"p":2,"b":[-40.186804,-20.158747,-40.186804,-20.158747]}]}