{"z":9,"x":198,"y":281,"features":[{"k":"c","i":"c-9-793-1127","x":-40.549152,"y":-17.939629,"p":2,"b":[-40.550497,-17.939898,-40.547808,-17.939359]}]}