{"z":9,"x":198,"y":286,"features":[{"k":"c","i":"c-9-792-1144","x":-40.693247,"y":-20.715175,"p":20,"b":[-40.777567,-20.79336,-40.609346,-20.635165],"h":[[3,1],[4,2],[5,2],[6,4],[8,1],[9,1],[11,1],[13,2],[14,1],[15,1],[16,1],[17,1],[30,1],[42,1]]},{"k":"c","i":"c-9-792-1145","x":-40.712779,"y":-20.839881,"p":32,"b":[-40.77911,-20.903034,-40.621894,-20.800075],"h":[[4,1],[5,1],[6,1],[10,2],[12,3],[16,4],[17,1],[18,2],[19,2],[20,1],[21,1],[22,1],[30,1],[33,1],[34,3],[35,2],[36,1],[37,1],[40,1],[43,1],[58,1]]},{"k":"c","i":"c-9-793-1144","x":-40.52111,"y":-20.679894,"p":43,"b":[-40.603021,-20.795177,-40.482655,-20.638709],"h":[[0,2],[3,1],[7,1],[8,1],[9,1],[11,2],[12,1],[13,2],[14,1],[19,1],[20,1],[21,3],[22,2],[23,1],[24,2],[25,1],[26,3],[27,3],[28,1],[30,2],[32,1],[33,2],[34,2],[35,1],[36,1],[41,1],[43,1],[47,1],[55,1]]},{"k":"c","i":"c-9-793-1145","x":-40.594694,"y":-20.802916,"p":2,"b":[-40.600536,-20.804401,-40.588852,-20.801431],"h":[[8,1],[25,1]]}]}