{"z":9,"x":198,"y":286,"features":[{"k":"c","i":"c-9-792-1144","x":-40.693247,"y":-20.715175,"p":20,"b":[-40.777567,-20.79336,-40.609346,-20.635165]},{"k":"c","i":"c-9-792-1145","x":-40.712779,"y":-20.839881,"p":32,"b":[-40.77911,-20.903034,-40.621894,-20.800075]},{"k":"c","i":"c-9-793-1144","x":-40.52111,"y":-20.679894,"p":43,"b":[-40.603021,-20.795177,-40.482655,-20.638709]},{"k":"c","i":"c-9-793-1145","x":-40.594694,"y":-20.802916,"p":2,"b":[-40.600536,-20.804401,-40.588852,-20.801431]}]}