{"z":12,"x":1574,"y":2291,"features":[{"k":"c","i":"c-12-6297-9167","x":-41.621815,"y":-20.946769,"p":2,"b":[-41.621847,-20.94678,-41.621782,-20.946759],"h":[[5,1],[15,1]]}]}