{"z":13,"x":3180,"y":4522,"features":[{"k":"c","i":"c-13-12722-18089","x":-40.223894,"y":-18.415582,"p":2,"b":[-40.2253,-18.4161,-40.222488,-18.415063],"h":[[9,1],[14,1]]},{"k":"c","i":"c-13-12723-18089","x":-40.216479,"y":-18.411663,"p":10,"b":[-40.220864,-18.415962,-40.21315,-18.407907],"h":[[0,1],[4,1],[10,1],[15,2],[17,3],[20,1],[35,1]]},{"k":"c","i":"c-13-12723-18090","x":-40.216451,"y":-18.417325,"p":2,"b":[-40.219803,-18.41742,-40.2131,-18.417231],"h":[[13,1],[18,1]]},{"k":"s","i":"escolas_municipais_es_32015593","x":-40.227844,"y":-18.402752,"n":"EMEIEFTI FLORINDO MANZOLI","t":20,"d":"pinheiros"}]}