{"z":13,"x":3180,"y":4563,"features":[{"k":"c","i":"c-13-12720-18255","x":-40.247726,"y":-20.136465,"p":4,"b":[-40.253052,-20.138296,-40.244972,-20.135563],"h":[[21,1],[25,1],[40,1],[75,1]]}]}