{"z":13,"x":3162,"y":4548,"features":[{"k":"c","i":"c-13-12650-18195","x":-41.016067,"y":-19.511899,"p":9,"b":[-41.022694,-19.513501,-41.013787,-19.509954],"h":[[0,6],[7,1],[29,1],[38,1]]},{"k":"c","i":"c-13-12651-18195","x":-41.007035,"y":-19.516122,"p":3,"b":[-41.010997,-19.517805,-41.005054,-19.51528],"h":[[0,1],[3,1],[36,1]]},{"k":"s","i":"escolas_estaduais_es_32009402","x":-41.024056,"y":-19.507925,"n":"EEEFM DR JONES DOS SANTOS NEVES","t":31,"d":"baixo-guandu"}]}