{"z":13,"x":3162,"y":4576,"features":[{"k":"c","i":"c-13-12651-18307","x":-41.010782,"y":-20.672841,"p":2,"b":[-41.010849,-20.673349,-41.010716,-20.672334],"h":[[2,1],[53,1]]}]}