{"z":11,"x":793,"y":1139,"features":[{"k":"c","i":"c-11-3172-4559","x":-40.598808,"y":-19.938214,"p":3,"b":[-40.604259,-19.941945,-40.591279,-19.93552],"h":[[0,1],[27,1],[32,1]]}]}