{"z":11,"x":793,"y":1144,"features":[{"k":"c","i":"c-11-3174-4576","x":-40.501787,"y":-20.659881,"p":22,"b":[-40.517103,-20.672751,-40.480217,-20.636343],"h":[[0,2],[1,1],[6,1],[11,2],[12,3],[14,1],[16,2],[18,1],[19,1],[21,1],[22,1],[23,1],[27,2],[31,1],[53,1],[81,1]]}]}