{"z":12,"x":1582,"y":2290,"features":[{"k":"c","i":"c-12-6329-9163","x":-40.932185,"y":-20.863664,"p":3,"b":[-40.93244,-20.863816,-40.931744,-20.863405]}]}