{"z":12,"x":1587,"y":2269,"features":[{"k":"c","i":"c-12-6350-9079","x":-40.46445,"y":-19.137428,"p":2,"b":[-40.467083,-19.141521,-40.461818,-19.133335]}]}