{"z":12,"x":1587,"y":2284,"features":[{"k":"c","i":"c-12-6348-9139","x":-40.500938,"y":-20.376023,"p":5,"b":[-40.503563,-20.380018,-40.498837,-20.369707],"h":[[0,4],[45,1]]},{"k":"c","i":"c-12-6351-9136","x":-40.441932,"y":-20.314096,"p":2,"b":[-40.446988,-20.314764,-40.436876,-20.313428],"h":[[0,1],[11,1]]},{"k":"c","i":"c-12-6351-9138","x":-40.441874,"y":-20.359929,"p":2,"b":[-40.446142,-20.360265,-40.437605,-20.359593],"h":[[3,1],[22,1]]},{"k":"s","i":"escolas_estaduais_es_32034474","x":-40.478243,"y":-20.323697,"n":"EEPEF RODA DÁGUA","t":1,"d":"cariacica"}]}