{"z":11,"x":794,"y":1134,"features":[{"k":"c","i":"c-11-3176-4536","x":-40.389501,"y":-19.0003,"p":2,"b":[-40.391676,-19.001965,-40.387327,-18.998635]}]}