{"z":11,"x":794,"y":1139,"features":[{"k":"c","i":"c-11-3176-4559","x":-40.403721,"y":-19.937126,"p":2,"b":[-40.403798,-19.937234,-40.403644,-19.937017],"h":[[3,1],[31,1]]},{"k":"c","i":"c-11-3177-4556","x":-40.36641,"y":-19.830771,"p":3,"b":[-40.366784,-19.831143,-40.366092,-19.830106],"h":[[1,1],[37,1],[50,1]]},{"k":"c","i":"c-11-3179-4556","x":-40.278678,"y":-19.821208,"p":4,"b":[-40.282946,-19.822111,-40.274367,-19.82014],"h":[[4,1],[5,1],[57,1],[76,1]]}]}