{"z":11,"x":794,"y":1140,"features":[{"k":"c","i":"c-11-3178-4563","x":-40.30689,"y":-20.12568,"p":6,"b":[-40.308525,-20.130839,-40.301383,-20.119258],"h":[[5,1],[6,1],[48,1],[52,1],[53,1],[59,1]]},{"k":"c","i":"c-11-3179-4563","x":-40.28492,"y":-20.134099,"p":2,"b":[-40.286793,-20.13456,-40.283048,-20.133639],"h":[[40,1],[59,1]]},{"k":"s","i":"escolas_estaduais_es_32061943","x":-40.410458,"y":-20.001677,"n":"EEEFM PROFESSORA MARIA DA PAZ PIMENTEL","t":25,"d":"fundao"}]}