{"z":11,"x":796,"y":1135,"features":[{"k":"c","i":"c-11-3184-4542","x":-40.039245,"y":-19.263535,"p":2,"b":[-40.039756,-19.263673,-40.038733,-19.263398]}]}