{"z":11,"x":796,"y":1139,"features":[{"k":"c","i":"c-11-3184-4556","x":-40.06279,"y":-19.82678,"p":3,"b":[-40.06652,-19.828588,-40.060243,-19.825792],"h":[[10,1],[11,1],[26,1]]}]}