{"z":14,"x":6318,"y":9168,"features":[{"k":"c","i":"c-14-25272-36674","x":-41.175535,"y":-20.974048,"p":2,"b":[-41.175879,-20.974763,-41.17519,-20.973333],"h":[[5,1],[11,1]]}]}