{"z":14,"x":6373,"y":9068,"features":[{"k":"c","i":"c-14-25493-36273","x":-39.958968,"y":-18.904718,"p":2,"b":[-39.960641,-18.90524,-39.957295,-18.904197],"h":[[6,1],[23,1]]}]}