{"z":11,"x":794,"y":1129,"features":[{"k":"c","i":"c-11-3179-4517","x":-40.265011,"y":-18.198508,"p":3,"b":[-40.265262,-18.20074,-40.264546,-18.197235],"h":[[11,1],[12,1],[15,1]]}]}