{"z":11,"x":794,"y":1140,"features":[{"k":"c","i":"c-11-3176-4560","x":-40.411345,"y":-20.004521,"p":2,"b":[-40.411442,-20.004688,-40.411247,-20.004353],"h":[[14,1],[16,1]]},{"k":"c","i":"c-11-3178-4563","x":-40.313131,"y":-20.124084,"p":18,"b":[-40.323071,-20.138402,-40.300987,-20.111032],"h":[[15,1],[16,1],[17,1],[20,1],[22,2],[23,2],[24,3],[28,1],[29,1],[31,1],[36,1],[43,1],[56,1],[74,1]]},{"k":"c","i":"c-11-3179-4563","x":-40.283387,"y":-20.126788,"p":6,"b":[-40.29746,-20.134223,-40.27096,-20.11834],"h":[[17,1],[19,2],[25,1],[53,1],[56,1]]},{"k":"s","i":"escolas_municipais_es_32035667","x":-40.34039,"y":-20.096966,"n":"EMEF BELVEDERE","t":64,"d":"serra"}]}