{"z":13,"x":3187,"y":4519,"features":[{"k":"c","i":"c-13-12748-18079","x":-39.941003,"y":-18.306494,"p":2,"b":[-39.941195,-18.306717,-39.94081,-18.306271],"h":[[16,1],[18,1]]}]}