{"z":13,"x":3187,"y":4524,"features":[{"k":"c","i":"c-13-12749-18096","x":-39.926534,"y":-18.480603,"p":2,"b":[-39.927511,-18.480723,-39.925556,-18.480483]}]}