{"z":13,"x":3187,"y":4533,"features":[{"k":"c","i":"c-13-12749-18132","x":-39.932784,"y":-18.854797,"p":2,"b":[-39.932999,-18.854832,-39.932568,-18.854763]}]}