{"z":14,"x":6342,"y":9099,"features":[{"k":"c","i":"c-14-25369-36396","x":-40.638823,"y":-19.540134,"p":2,"b":[-40.639037,-19.540495,-40.638609,-19.539773],"h":[[0,1],[50,1]]},{"k":"c","i":"c-14-25370-36397","x":-40.636001,"y":-19.545058,"p":2,"b":[-40.636539,-19.545154,-40.635463,-19.544962],"h":[[16,1],[18,1]]}]}