{"z":12,"x":1580,"y":2290,"features":[{"k":"c","i":"c-12-6320-9162","x":-41.123836,"y":-20.850589,"p":7,"b":[-41.129584,-20.858202,-41.113499,-20.844312],"h":[[6,1],[12,1],[14,1],[29,1],[31,1],[33,1],[53,1]]},{"k":"c","i":"c-12-6320-9163","x":-41.124278,"y":-20.868591,"p":4,"b":[-41.128109,-20.878484,-41.121048,-20.860241],"h":[[0,1],[10,1],[21,1],[68,1]]},{"k":"c","i":"c-12-6321-9162","x":-41.107376,"y":-20.851528,"p":6,"b":[-41.110767,-20.856984,-41.09983,-20.846281],"h":[[12,1],[14,1],[17,1],[27,1],[30,1],[41,1]]},{"k":"c","i":"c-12-6321-9163","x":-41.100466,"y":-20.873698,"p":2,"b":[-41.100466,-20.873698,-41.100466,-20.873698],"h":[[94,1],[95,1]]}]}