{"z":12,"x":1586,"y":2273,"features":[{"k":"c","i":"c-12-6346-9092","x":-40.541093,"y":-19.410126,"p":2,"b":[-40.541194,-19.410802,-40.540991,-19.409449],"h":[[0,1],[15,1]]}]}