{"z":12,"x":1586,"y":2279,"features":[{"k":"c","i":"c-12-6344-9118","x":-40.598808,"y":-19.938214,"p":3,"b":[-40.604259,-19.941945,-40.591279,-19.93552],"h":[[0,1],[27,1],[32,1]]}]}