{"z":14,"x":6322,"y":9141,"features":[{"k":"c","i":"c-14-25289-36566","x":-41.082976,"y":-20.418305,"p":2,"b":[-41.083107,-20.41848,-41.082845,-20.41813],"h":[[14,1],[30,1]]}]}