{"z":8,"x":99,"y":143,"features":[{"k":"c","i":"c-8-396-572","x":-40.610023,"y":-20.743601,"p":2,"b":[-40.724273,-20.84011,-40.495772,-20.647093],"h":[[68,1],[121,1]]}]}