{"z":11,"x":786,"y":1144,"features":[{"k":"c","i":"c-11-3147-4579","x":-41.67718,"y":-20.770162,"p":4,"b":[-41.682566,-20.77434,-41.671181,-20.761689],"h":[[0,1],[11,1],[24,1],[26,1]]}]}