{"z":14,"x":6299,"y":9132,"features":[{"k":"c","i":"c-14-25197-36530","x":-41.584447,"y":-20.23525,"p":2,"b":[-41.584841,-20.235844,-41.584053,-20.234657]}]}