{"z":13,"x":3182,"y":4513,"features":[{"k":"c","i":"c-13-12729-18052","x":-40.149514,"y":-18.029882,"p":2,"b":[-40.150612,-18.03086,-40.148416,-18.028904]}]}