{"z":13,"x":3182,"y":4529,"features":[{"k":"c","i":"c-13-12728-18118","x":-40.161627,"y":-18.717365,"p":2,"b":[-40.161993,-18.717575,-40.161261,-18.717155]}]}