{"z":13,"x":3182,"y":4538,"features":[{"k":"c","i":"c-13-12730-18154","x":-40.141841,"y":-19.087835,"p":2,"b":[-40.14247,-19.08798,-40.141212,-19.08769]}]}