{"z":13,"x":3182,"y":4542,"features":[{"k":"c","i":"c-13-12729-18168","x":-40.145632,"y":-19.232963,"p":2,"b":[-40.145943,-19.233153,-40.145321,-19.232772]}]}