{"z":13,"x":3182,"y":4549,"features":[{"k":"c","i":"c-13-12729-18196","x":-40.14838,"y":-19.521288,"p":2,"b":[-40.148573,-19.521538,-40.148188,-19.521037]}]}