{"z":14,"x":6357,"y":9050,"features":[{"k":"c","i":"c-14-25431-36203","x":-40.298416,"y":-18.540972,"p":2,"b":[-40.29844,-18.54102,-40.298391,-18.540924],"h":[[1,1],[54,1]]}]}