{"z":14,"x":6357,"y":9134,"features":[{"k":"c","i":"c-14-25431-36536","x":-40.299517,"y":-20.26697,"p":2,"b":[-40.2996,-20.266994,-40.299434,-20.266945],"h":[[1,1],[87,1]]}]}