{"z":14,"x":6357,"y":9136,"features":[{"k":"c","i":"c-14-25431-36545","x":-40.301921,"y":-20.310085,"p":3,"b":[-40.301976,-20.310122,-40.301892,-20.310052],"h":[[0,2],[55,1]]}]}