{"z":14,"x":6357,"y":9137,"features":[{"k":"c","i":"c-14-25429-36549","x":-40.311884,"y":-20.331943,"p":2,"b":[-40.3126,-20.332415,-40.311167,-20.33147],"h":[[0,1],[50,1]]}]}