{"z":11,"x":790,"y":1137,"features":[{"k":"c","i":"c-11-3162-4548","x":-41.011584,"y":-19.51663,"p":4,"b":[-41.016875,-19.518295,-41.006968,-19.512521],"h":[[0,1],[14,1],[15,1],[20,1]]}]}