{"z":11,"x":790,"y":1144,"features":[{"k":"c","i":"c-11-3162-4576","x":-41.018963,"y":-20.663356,"p":2,"b":[-41.025782,-20.672709,-41.012143,-20.654003],"h":[[0,1],[19,1]]}]}