{"z":11,"x":790,"y":1145,"features":[{"k":"c","i":"c-11-3160-4581","x":-41.116271,"y":-20.857108,"p":19,"b":[-41.129584,-20.878484,-41.09983,-20.844312],"h":[[0,1],[6,1],[10,1],[12,2],[14,2],[17,1],[21,1],[27,1],[29,1],[30,1],[31,1],[33,1],[41,1],[53,1],[68,1],[94,1],[95,1]]}]}