{"z":13,"x":3146,"y":4570,"features":[{"k":"c","i":"c-13-12587-18283","x":-41.705298,"y":-20.423466,"p":2,"b":[-41.705469,-20.423988,-41.705126,-20.422943]}]}