{"z":11,"x":792,"y":1143,"features":[{"k":"c","i":"c-11-3168-4572","x":-40.771514,"y":-20.484918,"p":2,"b":[-40.77152,-20.484977,-40.771509,-20.484859]},{"k":"c","i":"c-11-3171-4574","x":-40.645335,"y":-20.585746,"p":2,"b":[-40.646413,-20.58905,-40.644257,-20.582442]}]}