{"z":11,"x":792,"y":1144,"features":[{"k":"c","i":"c-11-3168-4576","x":-40.749662,"y":-20.635949,"p":5,"b":[-40.751661,-20.638163,-40.746562,-20.635175],"h":[[0,4],[31,1]]}]}