{"z":14,"x":6301,"y":9139,"features":[{"k":"c","i":"c-14-25206-36559","x":-41.538081,"y":-20.384119,"p":2,"b":[-41.538604,-20.384827,-41.537557,-20.38341],"h":[[6,1],[9,1]]}]}