{"z":13,"x":3185,"y":4546,"features":[{"k":"c","i":"c-13-12741-18185","x":-40.018717,"y":-19.413957,"p":3,"b":[-40.019106,-19.413967,-40.018522,-19.413951]}]}