{"z":12,"x":1582,"y":2265,"features":[{"k":"c","i":"c-12-6330-9061","x":-40.893726,"y":-18.758311,"p":5,"b":[-40.897187,-18.762646,-40.891175,-18.75424],"h":[[12,2],[13,1],[16,1],[38,1]]},{"k":"c","i":"c-12-6331-9061","x":-40.886818,"y":-18.757283,"p":6,"b":[-40.890831,-18.76114,-40.881826,-18.753529],"h":[[10,1],[16,2],[18,2],[28,1]]},{"k":"s","i":"escolas_municipais_es_32069286","x":-40.894255,"y":-18.73028,"n":"EM LUCIENE MATOS FERREIRA","t":18,"d":"barra-de-sao-francisco"}]}