{"z":12,"x":1582,"y":2271,"features":[{"k":"c","i":"c-12-6330-9086","x":-40.909407,"y":-19.274748,"p":2,"b":[-40.909548,-19.275822,-40.909266,-19.273674],"h":[[11,1],[12,1]]}]}