{"z":12,"x":1582,"y":2273,"features":[{"k":"c","i":"c-12-6330-9092","x":-40.904819,"y":-19.398319,"p":2,"b":[-40.905045,-19.398459,-40.904594,-19.398179],"h":[[4,1],[13,1]]}]}