{"z":12,"x":1582,"y":2286,"features":[{"k":"c","i":"c-12-6329-9144","x":-40.919168,"y":-20.472353,"p":2,"b":[-40.919208,-20.472378,-40.919128,-20.472328],"h":[[3,1],[10,1]]}]}