{"z":12,"x":1582,"y":2290,"features":[{"k":"c","i":"c-12-6328-9163","x":-40.94658,"y":-20.865299,"p":2,"b":[-40.950345,-20.86779,-40.942816,-20.862807],"h":[[8,1],[29,1]]},{"k":"c","i":"c-12-6329-9163","x":-40.9319,"y":-20.863712,"p":2,"b":[-40.932133,-20.86411,-40.931667,-20.863314],"h":[[16,1],[20,1]]},{"k":"s","i":"escolas_municipais_es_32044860","x":-40.937221,"y":-20.821741,"n":"EMPEIEF IVO MENEGARDO","t":6,"d":"rio-novo-do-sul"}]}