{"z":8,"x":99,"y":143,"features":[{"k":"c","i":"c-8-396-572","x":-40.550424,"y":-20.695699,"p":30,"b":[-40.74847,-20.841062,-40.480217,-20.63506],"h":[[0,5],[1,1],[4,2],[6,1],[7,1],[11,2],[12,3],[14,1],[16,2],[17,1],[18,1],[19,1],[21,1],[22,1],[23,1],[25,1],[27,2],[31,1],[53,1],[81,1]]}]}