{"z":14,"x":6330,"y":9092,"features":[{"k":"c","i":"c-14-25321-36368","x":-40.904819,"y":-19.398319,"p":2,"b":[-40.905045,-19.398459,-40.904594,-19.398179]}]}