{"z":14,"x":6330,"y":9116,"features":[{"k":"c","i":"c-14-25322-36466","x":-40.897322,"y":-19.904365,"p":2,"b":[-40.897476,-19.904651,-40.897167,-19.904078],"h":[[9,1],[13,1]]}]}