{"z":14,"x":6330,"y":9167,"features":[{"k":"c","i":"c-14-25322-36669","x":-40.899023,"y":-20.946298,"p":2,"b":[-40.901209,-20.94644,-40.896838,-20.946156]}]}