{"z":14,"x":6330,"y":9172,"features":[{"k":"c","i":"c-14-25321-36691","x":-40.9065,"y":-21.06115,"p":2,"b":[-40.90657,-21.061181,-40.90643,-21.06112],"h":[[11,1],[15,1]]}]}