{"z":14,"x":6349,"y":9061,"features":[{"k":"c","i":"c-14-25397-36245","x":-40.487712,"y":-18.757985,"p":2,"b":[-40.487715,-18.75801,-40.487708,-18.757961],"h":[[3,1],[5,1]]}]}