{"z":13,"x":3153,"y":4571,"features":[{"k":"c","i":"c-13-12614-18287","x":-41.413254,"y":-20.463088,"p":4,"b":[-41.413534,-20.463881,-41.413089,-20.462737]}]}