{"z":10,"x":396,"y":563,"features":[{"k":"c","i":"c-10-1586-2255","x":-40.549152,"y":-17.939629,"p":2,"b":[-40.550497,-17.939898,-40.547808,-17.939359]}]}