{"z":13,"x":3190,"y":4550,"features":[{"k":"c","i":"c-13-12761-18201","x":-39.793526,"y":-19.578224,"p":2,"b":[-39.79381,-19.578381,-39.793243,-19.578067]}]}