{"z":14,"x":6317,"y":9137,"features":[{"k":"c","i":"c-14-25270-36550","x":-41.185027,"y":-20.336876,"p":3,"b":[-41.185597,-20.337233,-41.184115,-20.336306],"h":[[10,1],[15,1],[24,1]]}]}