{"z":14,"x":6317,"y":9161,"features":[{"k":"c","i":"c-14-25271-36647","x":-41.179781,"y":-20.834334,"p":2,"b":[-41.180792,-20.834879,-41.178769,-20.833788],"h":[[20,1],[39,1]]}]}