{"z":14,"x":6317,"y":9165,"features":[{"k":"c","i":"c-14-25268-36662","x":-41.195916,"y":-20.914407,"p":2,"b":[-41.197428,-20.915212,-41.194404,-20.913601],"h":[[14,1],[17,1]]},{"k":"c","i":"c-14-25268-36663","x":-41.194951,"y":-20.917034,"p":2,"b":[-41.195448,-20.918575,-41.194454,-20.915493],"h":[[16,1],[34,1]]}]}