{"z":14,"x":6337,"y":9072,"features":[{"k":"c","i":"c-14-25351-36289","x":-40.740399,"y":-18.984918,"p":2,"b":[-40.740536,-18.985213,-40.740263,-18.984623]}]}