{"z":13,"x":3161,"y":4578,"features":[{"k":"c","i":"c-13-12644-18312","x":-41.083522,"y":-20.723121,"p":2,"b":[-41.084165,-20.723241,-41.082879,-20.723002]}]}