{"z":13,"x":3161,"y":4587,"features":[{"k":"c","i":"c-13-12647-18349","x":-41.048204,"y":-21.097718,"p":2,"b":[-41.050992,-21.098896,-41.045416,-21.09654],"h":[[3,1],[22,1]]}]}