{"z":14,"x":6328,"y":9128,"features":[{"k":"c","i":"c-14-25314-36514","x":-40.943803,"y":-20.152864,"p":2,"b":[-40.943839,-20.152947,-40.943768,-20.152781],"h":[[15,1],[24,1]]}]}