{"z":13,"x":3174,"y":4518,"features":[{"k":"c","i":"c-13-12696-18074","x":-40.513123,"y":-18.254476,"p":2,"b":[-40.513333,-18.255273,-40.512913,-18.25368]}]}