{"z":13,"x":3174,"y":4570,"features":[{"k":"c","i":"c-13-12697-18280","x":-40.49743,"y":-20.392499,"p":2,"b":[-40.499192,-20.395253,-40.495668,-20.389744],"h":[[20,1],[41,1]]}]}