{"z":13,"x":3174,"y":4577,"features":[{"k":"c","i":"c-13-12696-18308","x":-40.51032,"y":-20.678925,"p":3,"b":[-40.513352,-20.681957,-40.508417,-20.675549],"h":[[12,1],[26,1],[55,1]]}]}