{"z":14,"x":6369,"y":9109,"features":[{"k":"c","i":"c-14-25477-36436","x":-40.046883,"y":-19.746255,"p":3,"b":[-40.047033,-19.74645,-40.046683,-19.746092],"h":[[4,1],[20,1],[27,1]]}]}