{"z":14,"x":6332,"y":9083,"features":[{"k":"c","i":"c-14-25330-36334","x":-40.85357,"y":-19.221421,"p":2,"b":[-40.853584,-19.221451,-40.853556,-19.22139],"h":[[2,1],[31,1]]}]}