{"z":14,"x":6332,"y":9111,"features":[{"k":"c","i":"c-14-25330-36447","x":-40.856056,"y":-19.803682,"p":2,"b":[-40.856059,-19.803732,-40.856054,-19.803631],"h":[[3,1],[40,1]]}]}