{"z":14,"x":6340,"y":9143,"features":[{"k":"c","i":"c-14-25360-36572","x":-40.689704,"y":-20.451162,"p":2,"b":[-40.689756,-20.451185,-40.689652,-20.451139],"h":[[3,1],[12,1]]}]}