{"z":14,"x":6340,"y":9155,"features":[{"k":"c","i":"c-14-25362-36620","x":-40.677409,"y":-20.696426,"p":2,"b":[-40.677443,-20.696478,-40.677376,-20.696373]}]}