{"z":13,"x":3191,"y":4535,"features":[{"k":"c","i":"c-13-12766-18141","x":-39.744247,"y":-18.951745,"p":2,"b":[-39.744371,-18.955588,-39.744123,-18.947901]}]}