{"z":14,"x":6358,"y":9075,"features":[{"k":"c","i":"c-14-25432-36301","x":-40.295223,"y":-19.050015,"p":2,"b":[-40.295234,-19.050271,-40.295212,-19.049759]}]}