{"z":14,"x":6358,"y":9131,"features":[{"k":"c","i":"c-14-25435-36524","x":-40.277448,"y":-20.200845,"p":2,"b":[-40.277943,-20.201021,-40.276953,-20.20067],"h":[[20,1],[49,1]]},{"k":"c","i":"c-14-25435-36527","x":-40.278753,"y":-20.218786,"p":2,"b":[-40.280687,-20.219253,-40.276819,-20.218318],"h":[[20,1],[40,1]]}]}