{"z":14,"x":6358,"y":9136,"features":[{"k":"c","i":"c-14-25432-36545","x":-40.296859,"y":-20.311004,"p":2,"b":[-40.296955,-20.312397,-40.296763,-20.309611]}]}