{"z":12,"x":1575,"y":2283,"features":[{"k":"c","i":"c-12-6302-9132","x":-41.508224,"y":-20.234791,"p":2,"b":[-41.508262,-20.234888,-41.508186,-20.234693]}]}