{"z":12,"x":1575,"y":2284,"features":[{"k":"c","i":"c-12-6301-9138","x":-41.532157,"y":-20.352079,"p":5,"b":[-41.532779,-20.356036,-41.531404,-20.347524],"h":[[3,2],[4,1],[46,1],[51,1]]}]}