{"z":12,"x":1575,"y":2289,"features":[{"k":"c","i":"c-12-6301-9158","x":-41.537164,"y":-20.76165,"p":4,"b":[-41.545898,-20.766468,-41.530824,-20.758909]}]}