{"z":12,"x":1588,"y":2257,"features":[{"k":"c","i":"c-12-6355-9031","x":-40.362136,"y":-18.127086,"p":2,"b":[-40.36235,-18.12842,-40.361923,-18.125751],"h":[[0,1],[16,1]]}]}