{"z":12,"x":1588,"y":2264,"features":[{"k":"c","i":"c-12-6353-9058","x":-40.39849,"y":-18.700176,"p":2,"b":[-40.400824,-18.707753,-40.396155,-18.692599],"h":[[10,1],[106,1]]},{"k":"c","i":"c-12-6353-9059","x":-40.396506,"y":-18.711243,"p":2,"b":[-40.397985,-18.712608,-40.395027,-18.709877],"h":[[0,1],[28,1]]}]}