{"z":12,"x":1588,"y":2283,"features":[{"k":"c","i":"c-12-6352-9134","x":-40.416709,"y":-20.267438,"p":2,"b":[-40.417168,-20.267619,-40.416249,-20.267256],"h":[[13,1],[22,1]]}]}