{"z":10,"x":398,"y":569,"features":[{"k":"c","i":"c-10-1592-2277","x":-40.037155,"y":-19.74555,"p":4,"b":[-40.047033,-19.74645,-40.007971,-19.743433],"h":[[4,1],[10,1],[20,1],[27,1]]},{"k":"c","i":"c-10-1592-2278","x":-40.06279,"y":-19.82678,"p":3,"b":[-40.06652,-19.828588,-40.060243,-19.825792],"h":[[10,1],[11,1],[26,1]]},{"k":"s","i":"escolas_municipais_es_32067755","x":-39.827079,"y":-19.646471,"n":"CEIM VILA REGENCIA","t":9,"d":"linhares"}]}