{"z":14,"x":6331,"y":9071,"features":[{"k":"c","i":"c-14-25327-36286","x":-40.874101,"y":-18.972244,"p":2,"b":[-40.874169,-18.972288,-40.874034,-18.972201]}]}