{"z":14,"x":6331,"y":9114,"features":[{"k":"c","i":"c-14-25326-36459","x":-40.876219,"y":-19.868349,"p":2,"b":[-40.876808,-19.86851,-40.875629,-19.868187],"h":[[29,1],[34,1]]}]}