{"z":14,"x":6368,"y":9092,"features":[{"k":"c","i":"c-14-25474-36368","x":-40.064486,"y":-19.39767,"p":4,"b":[-40.065351,-19.39905,-40.063494,-19.396199],"h":[[0,2],[3,1],[89,1]]},{"k":"c","i":"c-14-25474-36369","x":-40.066516,"y":-19.402801,"p":3,"b":[-40.066854,-19.403668,-40.066006,-19.402261],"h":[[0,1],[30,1],[47,1]]},{"k":"s","i":"escolas_estaduais_es_32022050","x":-40.060221,"y":-19.397296,"n":"EEEFM JOSE DE CALDAS BRITO","t":67,"d":"linhares"}]}