{"z":13,"x":3160,"y":4562,"features":[{"k":"c","i":"c-13-12640-18249","x":-41.127074,"y":-20.075303,"p":3,"b":[-41.127396,-20.075541,-41.126851,-20.074898],"h":[[3,1],[34,1],[38,1]]}]}