{"z":13,"x":3187,"y":4522,"features":[{"k":"c","i":"c-13-12749-18091","x":-39.930554,"y":-18.433229,"p":2,"b":[-39.930631,-18.434474,-39.930477,-18.431984]}]}