{"z":14,"x":6365,"y":9077,"features":[{"k":"c","i":"c-14-25460-36308","x":-40.141841,"y":-19.087835,"p":2,"b":[-40.14247,-19.08798,-40.141212,-19.08769],"h":[[24,1],[29,1]]}]}