{"z":12,"x":1583,"y":2277,"features":[{"k":"c","i":"c-12-6332-9111","x":-40.856953,"y":-19.804597,"p":2,"b":[-40.857378,-19.805025,-40.856527,-19.80417]}]}