{"z":12,"x":1583,"y":2287,"features":[{"k":"c","i":"c-12-6332-9150","x":-40.860887,"y":-20.602262,"p":2,"b":[-40.861767,-20.602952,-40.860007,-20.601572],"h":[[3,1],[10,1]]},{"k":"c","i":"c-12-6334-9148","x":-40.814993,"y":-20.554004,"p":2,"b":[-40.815083,-20.554077,-40.814903,-20.553932],"h":[[5,1],[13,1]]}]}