{"z":12,"x":1583,"y":2291,"features":[{"k":"c","i":"c-12-6334-9166","x":-40.817385,"y":-20.921449,"p":2,"b":[-40.817629,-20.921677,-40.81714,-20.921221],"h":[[9,1],[16,1]]},{"k":"c","i":"c-12-6335-9165","x":-40.791996,"y":-20.907684,"p":4,"b":[-40.798066,-20.910503,-40.785947,-20.903254],"h":[[10,1],[14,1],[17,1],[51,1]]},{"k":"s","i":"escolas_municipais_es_32059647","x":-40.862177,"y":-20.939529,"n":"EMUEF-FAZENDA-VELHA","t":4,"d":"itapemirim"}]}