{"z":13,"x":3192,"y":4522,"features":[{"k":"c","i":"c-13-12769-18090","x":-39.709678,"y":-18.420233,"p":2,"b":[-39.709882,-18.420274,-39.709475,-18.420191],"h":[[0,1],[11,1]]}]}