{"z":13,"x":3173,"y":4511,"features":[{"k":"c","i":"c-13-12693-18044","x":-40.549152,"y":-17.939629,"p":2,"b":[-40.550497,-17.939898,-40.547808,-17.939359],"h":[[11,1],[16,1]]}]}