{"z":13,"x":3173,"y":4514,"features":[{"k":"c","i":"c-13-12695-18059","x":-40.522222,"y":-18.096964,"p":3,"b":[-40.52511,-18.099843,-40.520109,-18.095037],"h":[[0,1],[15,1],[23,1]]}]}