{"z":13,"x":3173,"y":4536,"features":[{"k":"c","i":"c-13-12693-18146","x":-40.539633,"y":-19.007834,"p":2,"b":[-40.539677,-19.008911,-40.539589,-19.006757],"h":[[23,2]]},{"k":"c","i":"c-13-12693-18147","x":-40.541283,"y":-19.017227,"p":3,"b":[-40.542661,-19.019539,-40.540495,-19.015353],"h":[[11,1],[19,1],[21,1]]},{"k":"c","i":"c-13-12694-18147","x":-40.534396,"y":-19.019152,"p":2,"b":[-40.535975,-19.020463,-40.532818,-19.017842],"h":[[3,1],[13,1]]}]}