{"z":13,"x":3173,"y":4537,"features":[{"k":"c","i":"c-13-12693-18149","x":-40.541901,"y":-19.038362,"p":3,"b":[-40.542082,-19.040923,-40.541784,-19.033278],"h":[[12,1],[19,1],[23,1]]},{"k":"c","i":"c-13-12694-18148","x":-40.534755,"y":-19.02565,"p":5,"b":[-40.537142,-19.030767,-40.529705,-19.021355],"h":[[9,1],[13,1],[16,1],[28,1],[30,1]]}]}