{"z":13,"x":3173,"y":4563,"features":[{"k":"c","i":"c-13-12695-18252","x":-40.526969,"y":-20.099006,"p":3,"b":[-40.528292,-20.099684,-40.524953,-20.098231]}]}