{"z":14,"x":6358,"y":9112,"features":[{"k":"c","i":"c-14-25434-36450","x":-40.282867,"y":-19.821993,"p":2,"b":[-40.282946,-19.822111,-40.282789,-19.821874]}]}