{"z":14,"x":6358,"y":9127,"features":[{"k":"c","i":"c-14-25434-36511","x":-40.28492,"y":-20.134099,"p":2,"b":[-40.286793,-20.13456,-40.283048,-20.133639],"h":[[40,1],[59,1]]}]}