{"z":14,"x":6358,"y":9136,"features":[{"k":"c","i":"c-14-25432-36545","x":-40.294708,"y":-20.309978,"p":2,"b":[-40.294733,-20.310458,-40.294683,-20.309497]}]}