{"z":14,"x":6359,"y":9112,"features":[{"k":"c","i":"c-14-25436-36450","x":-40.274488,"y":-19.820423,"p":2,"b":[-40.27461,-19.820705,-40.274367,-19.82014]}]}