{"z":13,"x":3151,"y":4566,"features":[{"k":"c","i":"c-13-12605-18265","x":-41.508224,"y":-20.234791,"p":2,"b":[-41.508262,-20.234888,-41.508186,-20.234693],"h":[[3,1],[45,1]]}]}