{"z":14,"x":6334,"y":9122,"features":[{"k":"c","i":"c-14-25336-36489","x":-40.822543,"y":-20.020025,"p":2,"b":[-40.82272,-20.020142,-40.822367,-20.019908],"h":[[5,2]]}]}