{"z":14,"x":6334,"y":9148,"features":[{"k":"c","i":"c-14-25337-36592","x":-40.814993,"y":-20.554004,"p":2,"b":[-40.815083,-20.554077,-40.814903,-20.553932]}]}