{"z":14,"x":6334,"y":9166,"features":[{"k":"c","i":"c-14-25337-36664","x":-40.817385,"y":-20.921449,"p":2,"b":[-40.817629,-20.921677,-40.81714,-20.921221]}]}