{"z":14,"x":6334,"y":9170,"features":[{"k":"c","i":"c-14-25337-36682","x":-40.814666,"y":-21.013645,"p":2,"b":[-40.814694,-21.013922,-40.814638,-21.013367]},{"k":"c","i":"c-14-25337-36683","x":-40.818293,"y":-21.019522,"p":2,"b":[-40.81904,-21.019815,-40.817547,-21.019229]},{"k":"c","i":"c-14-25338-36681","x":-40.811035,"y":-21.010395,"p":2,"b":[-40.811067,-21.011228,-40.811003,-21.009561]}]}