{"z":8,"x":98,"y":141,"features":[{"k":"c","i":"c-8-395-565","x":-40.899907,"y":-18.455279,"p":16,"b":[-41.12352,-18.628101,-40.811625,-18.339858],"h":[[0,4],[1,2],[10,1],[13,2],[17,1],[19,1],[21,1],[23,1],[39,1],[40,1],[51,1]]},{"k":"c","i":"c-8-395-566","x":-40.927898,"y":-18.789381,"p":24,"b":[-41.125128,-18.972968,-40.781339,-18.663819],"h":[[0,10],[1,2],[2,1],[3,1],[4,1],[12,1],[13,1],[18,1],[21,1],[27,1],[28,1],[30,1],[32,1],[61,1]]},{"k":"c","i":"c-8-395-567","x":-40.908541,"y":-19.166701,"p":3,"b":[-41.018484,-19.221451,-40.853556,-19.057261],"h":[[2,1],[31,1],[36,1]]}]}