{"z":14,"x":6362,"y":9078,"features":[{"k":"c","i":"c-14-25451-36314","x":-40.191554,"y":-19.116554,"p":2,"b":[-40.191988,-19.11672,-40.19112,-19.116389]}]}