{"z":14,"x":6315,"y":9136,"features":[{"k":"c","i":"c-14-25263-36546","x":-41.223449,"y":-20.318214,"p":2,"b":[-41.223453,-20.318222,-41.223446,-20.318205]}]}