{"z":13,"x":3162,"y":4548,"features":[{"k":"c","i":"c-13-12650-18195","x":-41.014697,"y":-19.517869,"p":2,"b":[-41.016875,-19.518295,-41.012518,-19.517442],"h":[[0,1],[20,1]]},{"k":"c","i":"c-13-12651-18195","x":-41.008472,"y":-19.515391,"p":2,"b":[-41.009976,-19.518262,-41.006968,-19.512521],"h":[[14,1],[15,1]]}]}