{"z":14,"x":6367,"y":9082,"features":[{"k":"c","i":"c-14-25468-36328","x":-40.09726,"y":-19.19111,"p":4,"b":[-40.09794,-19.191564,-40.096607,-19.190252],"h":[[0,2],[3,1],[46,1]]}]}