{"z":14,"x":6367,"y":9099,"features":[{"k":"c","i":"c-14-25469-36396","x":-40.089466,"y":-19.540453,"p":2,"b":[-40.089774,-19.541359,-40.089158,-19.539548]}]}