{"z":14,"x":6345,"y":9078,"features":[{"k":"c","i":"c-14-25383-36315","x":-40.564328,"y":-19.121091,"p":2,"b":[-40.564822,-19.121386,-40.563834,-19.120796]}]}