{"z":14,"x":6345,"y":9098,"features":[{"k":"c","i":"c-14-25381-36392","x":-40.576742,"y":-19.521227,"p":2,"b":[-40.576742,-19.521227,-40.576742,-19.521227],"h":[[7,1],[8,1]]}]}