{"z":14,"x":6345,"y":9158,"features":[{"k":"c","i":"c-14-25381-36633","x":-40.575299,"y":-20.764199,"p":2,"b":[-40.575303,-20.764385,-40.575295,-20.764013],"h":[[21,1],[23,1]]}]}