{"z":13,"x":3164,"y":4560,"features":[{"k":"c","i":"c-13-12659-18241","x":-40.918637,"y":-19.986386,"p":2,"b":[-40.918637,-19.986386,-40.918637,-19.986386]}]}