{"z":13,"x":3164,"y":4581,"features":[{"k":"c","i":"c-13-12658-18326","x":-40.932185,"y":-20.863664,"p":3,"b":[-40.93244,-20.863816,-40.931744,-20.863405]}]}