{"z":13,"x":3189,"y":4529,"features":[{"k":"c","i":"c-13-12756-18118","x":-39.85492,"y":-18.715901,"p":4,"b":[-39.856481,-18.716613,-39.851016,-18.715424]}]}