{"z":13,"x":3144,"y":4575,"features":[{"k":"c","i":"c-13-12578-18303","x":-41.805294,"y":-20.632629,"p":2,"b":[-41.805301,-20.632705,-41.805287,-20.632553],"h":[[6,1],[10,1]]}]}