{"z":14,"x":6335,"y":9135,"features":[{"k":"c","i":"c-14-25342-36541","x":-40.788161,"y":-20.290042,"p":2,"b":[-40.78929,-20.291892,-40.787031,-20.288192]}]}