{"z":14,"x":6335,"y":9159,"features":[{"k":"c","i":"c-14-25340-36638","x":-40.798492,"y":-20.788444,"p":2,"b":[-40.798538,-20.788565,-40.798447,-20.788324],"h":[[5,1],[9,1]]}]}