{"z":14,"x":6323,"y":9116,"features":[{"k":"c","i":"c-14-25293-36465","x":-41.05844,"y":-19.899659,"p":2,"b":[-41.059943,-19.899662,-41.056937,-19.899657]}]}