{"z":14,"x":6366,"y":9082,"features":[{"k":"c","i":"c-14-25466-36328","x":-40.109487,"y":-19.191301,"p":2,"b":[-40.109534,-19.191723,-40.10944,-19.19088],"h":[[28,1],[48,1]]},{"k":"c","i":"c-14-25467-36328","x":-40.102674,"y":-19.190677,"p":2,"b":[-40.102828,-19.19107,-40.10252,-19.190283],"h":[[0,1],[24,1]]},{"k":"s","i":"escolas_municipais_es_32071426","x":-40.111215,"y":-19.189057,"n":"EMEF CIVICO MILITAR JOAO NEVES PEREIRA","t":44,"d":"sooretama"}]}