{"z":10,"x":398,"y":566,"features":[{"k":"c","i":"c-10-1594-2264","x":-39.860998,"y":-18.676633,"p":2,"b":[-39.861126,-18.677998,-39.860869,-18.675268],"h":[[102,1],[204,1]]}]}