{"z":13,"x":3184,"y":4546,"features":[{"k":"c","i":"c-13-12736-18184","x":-40.069237,"y":-19.39748,"p":4,"b":[-40.069668,-19.399312,-40.068402,-19.394289],"h":[[13,1],[25,1],[29,1],[32,1]]},{"k":"c","i":"c-13-12737-18184","x":-40.060517,"y":-19.399317,"p":4,"b":[-40.061708,-19.404151,-40.057691,-19.397351],"h":[[6,1],[20,1],[46,1],[120,1]]},{"k":"c","i":"c-13-12737-18185","x":-40.059525,"y":-19.406936,"p":2,"b":[-40.060941,-19.407215,-40.05811,-19.406658],"h":[[22,1],[45,1]]},{"k":"s","i":"escola-privada-32067631","x":-40.068067,"y":-19.405657,"n":"ESCOLA NEST LTDA","t":15,"d":"linhares"}]}