{"z":14,"x":6337,"y":9121,"features":[{"k":"c","i":"c-14-25351-36485","x":-40.739768,"y":-20.001273,"p":2,"b":[-40.741842,-20.003344,-40.737694,-19.999203],"h":[[12,1],[16,1]]}]}