{"z":13,"x":3149,"y":4566,"features":[{"k":"c","i":"c-13-12598-18265","x":-41.584447,"y":-20.23525,"p":2,"b":[-41.584841,-20.235844,-41.584053,-20.234657],"h":[[6,1],[24,1]]}]}