{"z":12,"x":1594,"y":2264,"features":[{"k":"c","i":"c-12-6376-9059","x":-39.885084,"y":-18.718631,"p":2,"b":[-39.889684,-18.721141,-39.880485,-18.716121]},{"k":"c","i":"c-12-6377-9059","x":-39.861819,"y":-18.721293,"p":6,"b":[-39.87303,-18.728113,-39.858427,-18.717786]},{"k":"c","i":"c-12-6378-9059","x":-39.85492,"y":-18.715901,"p":4,"b":[-39.856481,-18.716613,-39.851016,-18.715424]}]}