{"z":13,"x":3178,"y":4532,"features":[{"k":"c","i":"c-13-12712-18131","x":-40.34003,"y":-18.849278,"p":2,"b":[-40.340065,-18.849299,-40.339994,-18.849258],"h":[[8,1],[15,1]]}]}