{"z":13,"x":3178,"y":4542,"features":[{"k":"c","i":"c-13-12712-18171","x":-40.333462,"y":-19.264471,"p":2,"b":[-40.333948,-19.264848,-40.332975,-19.264093],"h":[[2,1],[37,1]]}]}