{"z":13,"x":3178,"y":4564,"features":[{"k":"c","i":"c-13-12715-18256","x":-40.300046,"y":-20.14038,"p":2,"b":[-40.302084,-20.141886,-40.298008,-20.138874],"h":[[24,1],[54,1]]}]}