{"z":13,"x":3178,"y":4566,"features":[{"k":"c","i":"c-13-12715-18267","x":-40.298546,"y":-20.25902,"p":4,"b":[-40.298993,-20.260415,-40.29811,-20.25751]}]}