{"z":13,"x":3178,"y":4571,"features":[{"k":"c","i":"c-13-12712-18284","x":-40.335606,"y":-20.435903,"p":3,"b":[-40.337794,-20.437149,-40.33243,-20.435272],"h":[[14,1],[55,1],[66,1]]},{"k":"c","i":"c-13-12712-18285","x":-40.338637,"y":-20.443029,"p":4,"b":[-40.339795,-20.445698,-40.337218,-20.440734],"h":[[10,1],[13,1],[40,1],[45,1]]},{"k":"s","i":"escolas_municipais_es_32081065","x":-40.32318,"y":-20.427866,"n":"UMEI MARIA EMELINA MASCARENHAS BARCELLOS","t":17,"d":"vila-velha"}]}