{"z":13,"x":3176,"y":4559,"features":[{"k":"c","i":"c-13-12706-18236","x":-40.403721,"y":-19.937126,"p":2,"b":[-40.403798,-19.937234,-40.403644,-19.937017]}]}