{"z":13,"x":3176,"y":4566,"features":[{"k":"c","i":"c-13-12705-18266","x":-40.41857,"y":-20.247353,"p":3,"b":[-40.41857,-20.247353,-40.41857,-20.247353],"h":[[0,3]]}]}