{"z":14,"x":6384,"y":9045,"features":[{"k":"c","i":"c-14-25539-36180","x":-39.708745,"y":-18.419859,"p":2,"b":[-39.709391,-18.420177,-39.708099,-18.41954]}]}