{"z":14,"x":6384,"y":9082,"features":[{"k":"c","i":"c-14-25538-36328","x":-39.713377,"y":-19.190055,"p":2,"b":[-39.713386,-19.190499,-39.713368,-19.18961],"h":[[14,1],[32,1]]}]}