{"z":12,"x":1593,"y":2261,"features":[{"k":"c","i":"c-12-6374-9045","x":-39.930554,"y":-18.433229,"p":2,"b":[-39.930631,-18.434474,-39.930477,-18.431984]}]}